5.693871, 0, 0, 0, 0
5.697158, -0.003924012, 0, 0, 0
5.70373, -0.01177198, 3.71, -0.05, 8.92
5.707178, -0.01497352, 3.9, 1.01, 8.49
5.70919, -0.01561332, 3.9, 1.01, 8.49
5.711383, -0.01574123, 3.9, 1.01, 8.49
5.71402, -0.0157671, 3.9, 1.01, 8.49
5.717104, -0.01577258, 3.9, 1.01, 8.49
5.720598, -0.01577389, 3.9, 1.01, 8.49
5.72445, -0.01577413, 3.9, 1.01, 8.49
5.728627, -0.01577425, 3.9, 1.01, 8.49
5.733086, -0.01577413, 3.9, 1.01, 8.49
5.737795, -0.01577401, 1.56, 1.05, 8.93
5.742728, -0.01577401, 1.56, 1.05, 8.93
5.747688, -0.01577401, 1.56, 1.05, 8.93
5.752664, -0.01577395, 1.56, 1.05, 8.93
5.757645, -0.01577407, 1.56, 1.05, 8.93
5.762626, -0.01577401, 1.99, 1.25, 9.2
5.767598, -0.01577401, 1.99, 1.25, 9.2
5.772398, -0.01577401, 1.99, 1.25, 9.2
5.77705, -0.01577401, 1.99, 1.25, 9.2
5.781562, -0.01577401, 1.99, 1.25, 9.2
5.785942, -0.01577401, 1.99, 1.25, 9.2
5.790198, -0.01577401, 1.13, 1.08, 9.02
5.794339, -0.01577401, 1.13, 1.08, 9.02
5.798305, -0.01577401, 1.13, 1.08, 9.02
5.802113, -0.01577401, 1.13, 1.08, 9.02
5.805775, -0.01577401, 1.13, 1.08, 9.02
5.8093, -0.01577401, 1.13, 1.08, 9.02
5.812702, -0.01577401, 1, 1.33, 8.49
5.815886, -0.01577401, 1, 1.33, 8.49
5.818877, -0.01577401, 1, 1.33, 8.49
5.821692, -0.01577401, 1, 1.33, 8.49
5.824338, -0.01577401, 1, 1.33, 8.49
5.826833, -0.01577401, 0.16, 1.34, 8.59
5.829108, -0.01577401, 0.16, 1.34, 8.59
5.831182, -0.01577401, 0.16, 1.34, 8.59
5.833073, -0.01577401, 0.16, 1.34, 8.59
5.834789, -0.01577401, 0.16, 1.34, 8.59
5.836341, -0.01577401, 0.16, 1.34, 8.59
5.83774, -0.01577401, 0.86, 1.25, 8.56
5.838909, -0.01577401, 0.86, 1.25, 8.56
5.839861, -0.01577401, 0.86, 1.25, 8.56
5.840617, -0.01577401, 0.86, 1.25, 8.56
5.841188, -0.01577401, 0.86, 1.25, 8.56
5.841587, -0.01577401, 1.07, 1.08, 8.1
5.841821, -0.01577401, 1.07, 1.08, 8.1
5.84193, -0.01577401, 1.07, 1.08, 8.1
5.841917, -0.01577401, 1.07, 1.08, 8.1
5.841793, -0.01577401, 1.07, 1.08, 8.1
5.841558, -0.01577401, 1.07, 1.08, 8.1
5.841221, -0.01577401, 1.81, -0.92, 5.54
5.840786, -0.01577401, 1.81, -0.92, 5.54
5.840422, -0.01577401, 1.81, -0.92, 5.54
5.840116, -0.01577401, 1.81, -0.92, 5.54
5.839864, -0.01577401, 1.81, -0.92, 5.54
5.839663, -0.01577401, 1.93, -2.39, 9.25
5.839508, -0.01577401, 1.93, -2.39, 9.25
5.839363, -0.01577401, 1.93, -2.39, 9.25
5.839257, -0.01577401, 1.93, -2.39, 9.25
5.839204, -0.01577401, 1.93, -2.39, 9.25
5.839216, -0.01577401, 1.93, -2.39, 9.25
5.839302, -0.01577401, 0.69, -0.31, 9.68
5.839469, -0.01577401, 0.69, -0.31, 9.68
5.839736, -0.01577401, 0.69, -0.31, 9.68
5.840152, -0.01577401, 0.69, -0.31, 9.68
5.84075, -0.01577401, 0.69, -0.31, 9.68
5.84155, -0.01577401, 0.69, -0.31, 9.68
5.84258, -0.01577401, 1.25, -2.51, 9.09
5.843851, -0.01577401, 1.25, -2.51, 9.09
5.845329, -0.01577401, 1.25, -2.51, 9.09
5.847035, -0.01577401, 1.25, -2.51, 9.09
5.848987, -0.01577401, 1.25, -2.51, 9.09
5.851196, -0.01577401, 1.25, -2.51, 9.09
5.853673, -0.01577401, -0.07, -2.33, 10.06
5.856426, -0.01577401, -0.07, -2.33, 10.06
5.85951, -0.01577401, -0.07, -2.33, 10.06
5.862929, -0.01577401, -0.07, -2.33, 10.06
5.866679, -0.01577401, -0.07, -2.33, 10.06
5.870759, -0.01577401, 1.69, -2.61, 8.73
5.875169, -0.01577401, 1.69, -2.61, 8.73
5.879899, -0.01577401, 1.69, -2.61, 8.73
5.88495, -0.01577401, 1.69, -2.61, 8.73
5.890319, -0.01577401, 1.69, -2.61, 8.73
5.896003, -0.01577401, 1.69, -2.61, 8.73
5.901996, -0.01577401, 1.51, -2.49, 8.71
5.908292, -0.01577401, 1.51, -2.49, 8.71
5.914886, -0.01577401, 1.51, -2.49, 8.71
5.921778, -0.01577401, 1.51, -2.49, 8.71
5.928957, -0.01577401, 1.51, -2.49, 8.71
5.93642, -0.01577401, 1.06, -1.02, 9.49
5.944159, -0.01577401, 1.06, -1.02, 9.49
5.952166, -0.01577401, 1.06, -1.02, 9.49
5.960433, -0.01577401, 1.06, -1.02, 9.49
5.968962, -0.01577401, 1.06, -1.02, 9.49
5.977741, -0.01577401, 1.06, -1.02, 9.49
5.98677, -0.01577401, 1.56, -3.42, 8.56
5.996037, -0.01577401, 1.56, -3.42, 8.56
6.005535, -0.01577401, 1.56, -3.42, 8.56
6.01525, -0.01577401, 1.56, -3.42, 8.56
6.025183, -0.01577401, 1.56, -3.42, 8.56
6.03532, -0.01577401, 1.85, -2.75, 8.4
6.045656, -0.01577401, 1.85, -2.75, 8.4
6.056212, -0.01577401, 1.85, -2.75, 8.4
6.06698, -0.01577401, 1.85, -2.75, 8.4
6.077952, -0.01577401, 1.85, -2.75, 8.4
6.089121, -0.01577401, 1.85, -2.75, 8.4
6.10048, -0.01577401, 1.58, -2.74, 8.68
6.112022, -0.01577401, 1.58, -2.74, 8.68
6.123739, -0.01577401, 1.58, -2.74, 8.68
6.135624, -0.01577401, 1.58, -2.74, 8.68
6.147675, -0.01577401, 1.58, -2.74, 8.68
6.159884, -0.01577401, 1.58, -2.74, 8.68
6.172249, -0.01577401, 1.66, -2.83, 8.51
6.184766, -0.01577401, 1.66, -2.83, 8.51
6.197414, -0.01577401, 1.66, -2.83, 8.51
6.210196, -0.01577401, 1.66, -2.83, 8.51
6.223105, -0.01577401, 1.66, -2.83, 8.51
6.236142, -0.01577401, 1.64, -2.67, 8.76
6.2493, -0.01577401, 1.64, -2.67, 8.76
6.262568, -0.01577401, 1.64, -2.67, 8.76
6.275946, -0.01577401, 1.64, -2.67, 8.76
6.289431, -0.01577401, 1.64, -2.67, 8.76
6.303021, -0.01577401, 1.64, -2.67, 8.76
6.316711, -0.01577401, 1.46, -3.14, 8.64
6.330502, -0.01577401, 1.46, -3.14, 8.64
6.344391, -0.01577401, 1.46, -3.14, 8.64
6.358381, -0.01577401, 1.46, -3.14, 8.64
6.372467, -0.01577401, 1.46, -3.14, 8.64
6.386641, -0.01577401, 1.46, -3.14, 8.64
6.400904, -0.01577401, 1.59, -2.91, 8.62
6.415249, -0.01577401, 1.59, -2.91, 8.62
6.429669, -0.01577401, 1.59, -2.91, 8.62
6.444161, -0.01577401, 1.59, -2.91, 8.62
6.458726, -0.01577401, 1.59, -2.91, 8.62
6.473353, -0.01577401, 1.53, -2.75, 8.68
6.488042, -0.01577401, 1.53, -2.75, 8.68
6.502788, -0.01577401, 1.53, -2.75, 8.68
6.51759, -0.01577401, 1.53, -2.75, 8.68
6.532442, -0.01577401, 1.53, -2.75, 8.68
6.547343, -0.01577401, 1.53, -2.75, 8.68
6.562286, -0.01577401, 1.62, -2.89, 8.64
6.577272, -0.01577401, 1.62, -2.89, 8.64
6.592293, -0.01577401, 1.62, -2.89, 8.64
6.607347, -0.01577401, 1.62, -2.89, 8.64
6.622435, -0.01577401, 1.62, -2.89, 8.64
6.637545, -0.01577401, 1.42, -2.87, 8.61
6.652675, -0.01577401, 1.42, -2.87, 8.61
6.667826, -0.01577401, 1.42, -2.87, 8.61
6.682995, -0.01577401, 1.42, -2.87, 8.61
6.698177, -0.01577401, 1.42, -2.87, 8.61
6.713365, -0.01577401, 1.42, -2.87, 8.61
6.728561, -0.01577401, 1.54, -2.92, 8.69
6.743752, -0.01577401, 1.54, -2.92, 8.69
6.758934, -0.01577401, 1.54, -2.92, 8.69
6.774108, -0.01577401, 1.54, -2.92, 8.69
6.789268, -0.01577401, 1.54, -2.92, 8.69
6.804413, -0.01577401, 1.55, -2.98, 8.66
6.819541, -0.01577401, 1.55, -2.98, 8.66
6.834654, -0.01577401, 1.55, -2.98, 8.66
6.849751, -0.01577401, 1.55, -2.98, 8.66
6.864826, -0.01577401, 1.55, -2.98, 8.66
6.879875, -0.01577401, 1.55, -2.98, 8.66
6.894898, -0.01577401, 1.66, -3.03, 8.78
6.909888, -0.01577401, 1.66, -3.03, 8.78
6.924829, -0.01577401, 1.66, -3.03, 8.78
6.939723, -0.01577401, 1.66, -3.03, 8.78
6.954567, -0.01577401, 1.66, -3.03, 8.78
6.969356, -0.01577401, 1.66, -3.03, 8.78
6.984089, -0.01577401, 1.36, -2.96, 8.71
6.998766, -0.01577401, 1.36, -2.96, 8.71
7.013382, -0.01577401, 1.36, -2.96, 8.71
7.027937, -0.01577401, 1.36, -2.96, 8.71
7.042429, -0.01577401, 1.36, -2.96, 8.71
7.056854, -0.01577401, 1.65, -2.89, 8.77
7.071216, -0.01577401, 1.65, -2.89, 8.77
7.085514, -0.01577401, 1.65, -2.89, 8.77
7.099746, -0.01577401, 1.65, -2.89, 8.77
7.113909, -0.01577401, 1.65, -2.89, 8.77
7.128003, -0.01577401, 1.65, -2.89, 8.77
7.142025, -0.01577401, 1.51, -3.07, 8.8
7.155973, -0.01577401, 1.51, -3.07, 8.8
7.169854, -0.01577401, 1.51, -3.07, 8.8
7.183663, -0.01577401, 1.51, -3.07, 8.8
7.197402, -0.01577401, 1.51, -3.07, 8.8
7.211059, -0.01577401, 1.51, -3.07, 8.8
7.224638, -0.01577401, 1.76, -2.92, 8.71
7.238132, -0.01577401, 1.76, -2.92, 8.71
7.251545, -0.01577401, 1.76, -2.92, 8.71
7.264878, -0.01577401, 1.76, -2.92, 8.71
7.278119, -0.01577401, 1.76, -2.92, 8.71
7.291273, -0.01577401, 1.23, -2.88, 8.46
7.304333, -0.01577401, 1.23, -2.88, 8.46
7.31729, -0.01577401, 1.23, -2.88, 8.46
7.330136, -0.01577401, 1.23, -2.88, 8.46
7.342873, -0.01577401, 1.23, -2.88, 8.46
7.355495, -0.01577401, 1.23, -2.88, 8.46
7.368001, -0.01577401, 1.28, -2.86, 8.75
7.380386, -0.01577401, 1.28, -2.86, 8.75
7.392648, -0.01577401, 1.28, -2.86, 8.75
7.40478, -0.01577401, 1.28, -2.86, 8.75
7.416787, -0.01577401, 1.28, -2.86, 8.75
7.428663, -0.01577401, 1.28, -2.86, 8.75
7.44041, -0.01577401, 1.46, -2.64, 9.15
7.45204, -0.01577401, 1.46, -2.64, 9.15
7.463552, -0.01577401, 1.46, -2.64, 9.15
7.474941, -0.01577401, 1.46, -2.64, 9.15
7.486208, -0.01577401, 1.46, -2.64, 9.15
7.497351, -0.01577401, 2.29, -4.42, 9.05
7.508372, -0.01577401, 2.29, -4.42, 9.05
7.519254, -0.01577401, 2.29, -4.42, 9.05
7.529995, -0.01577401, 2.29, -4.42, 9.05
7.540589, -0.01577401, 2.29, -4.42, 9.05
7.55103, -0.01577401, 2.07, -1.97, 11.7
7.561313, -0.01577401, 2.07, -1.97, 11.7
7.571467, -0.01577401, 2.07, -1.97, 11.7
7.5815, -0.01577401, 2.07, -1.97, 11.7
7.59141, -0.01577401, 2.07, -1.97, 11.7
7.601197, -0.01577401, 2.07, -1.97, 11.7
7.610864, -0.01577401, 3.41, 0.84, 5.73
7.620411, -0.01577401, 3.41, 0.84, 5.73
7.630049, -0.01577401, 3.41, 0.84, 5.73
7.639751, -0.01577401, 3.41, 0.84, 5.73
7.649482, -0.01577401, 3.41, 0.84, 5.73
7.659215, -0.01577401, 3.41, 0.84, 5.73
7.66892, -0.01577401, 5.26, 1.48, 6.67
7.678576, -0.01577401, 5.26, 1.48, 6.67
7.688682, -0.01577401, 5.26, 1.48, 6.67
7.699163, -0.01577401, 5.26, 1.48, 6.67
7.709919, -0.01577401, 5.26, 1.48, 6.67
7.72086, -0.01577401, 5, 1.54, 8.97
7.731908, -0.01577401, 5, 1.54, 8.97
7.743148, -0.01577401, 5, 1.54, 8.97
7.754501, -0.01577401, 5, 1.54, 8.97
7.765889, -0.01577401, 5, 1.54, 8.97
7.777232, -0.01577401, 5, 1.54, 8.97
7.788471, -0.01577401, 3.28, 1.92, 9.06
7.799553, -0.01577401, 3.28, 1.92, 9.06
7.81037, -0.01577401, 3.28, 1.92, 9.06
7.820883, -0.01577401, 3.28, 1.92, 9.06
7.831059, -0.01577401, 3.28, 1.92, 9.06
7.840871, -0.01577401, 3.28, 1.92, 9.06
7.850305, -0.01577401, 2.12, 1.09, 8.96
7.859342, -0.01577401, 2.12, 1.09, 8.96
7.867751, -0.01577401, 2.12, 1.09, 8.96
7.875536, -0.01577401, 2.12, 1.09, 8.96
7.882718, -0.01577401, 2.12, 1.09, 8.96
7.88932, -0.01577401, 2.12, 1.09, 8.96
7.89536, -0.01577401, 1.27, 1.46, 8.56
7.900637, -0.01577401, 1.27, 1.46, 8.56
7.905177, -0.01577401, 1.27, 1.46, 8.56
7.909019, -0.01577401, 1.27, 1.46, 8.56
7.9122, -0.01577401, 1.27, 1.46, 8.56
7.914754, -0.01577401, 0.39, 2, 8.47
7.916712, -0.01577401, 0.39, 2, 8.47
7.917899, -0.01577401, 0.39, 2, 8.47
7.918345, -0.01577401, 0.39, 2, 8.47
7.91809, -0.01577401, 0.39, 2, 8.47
7.917168, -0.01577401, -0.47, 2.11, 7.75
7.915613, -0.01577401, -0.47, 2.11, 7.75
7.913278, -0.01577401, -0.47, 2.11, 7.75
7.910195, -0.01577401, -0.47, 2.11, 7.75
7.906397, -0.01577401, -0.47, 2.11, 7.75
7.901919, -0.01577401, -0.47, 2.11, 7.75
7.896787, -0.01577401, 1.24, 2.04, 7.14
7.891026, -0.01577401, 1.24, 2.04, 7.14
7.884634, -0.01577401, 1.24, 2.04, 7.14
7.877624, -0.01577401, 1.24, 2.04, 7.14
7.870016, -0.01577401, 1.24, 2.04, 7.14
7.861835, -0.01577401, 0.97, 2.23, 8.99
7.853092, -0.01577401, 0.97, 2.23, 8.99
7.843919, -0.01577401, 0.97, 2.23, 8.99
7.834321, -0.01577401, 0.97, 2.23, 8.99
7.824289, -0.01577401, 0.97, 2.23, 8.99
7.813821, -0.01577401, 0.97, 2.23, 8.99
7.802913, -0.01577401, 1.61, 1.68, 9.19
7.791566, -0.01577401, 1.61, 1.68, 9.19
7.779807, -0.01577401, 1.61, 1.68, 9.19
7.76764, -0.01577401, 1.61, 1.68, 9.19
7.755062, -0.01577401, 1.61, 1.68, 9.19
7.74208, -0.01577401, 1.61, 1.68, 9.19
7.728698, -0.01577401, 1.63, 1.39, 8.78
7.714915, -0.01577401, 1.63, 1.39, 8.78
7.700778, -0.01577401, 1.63, 1.39, 8.78
7.686292, -0.01577401, 1.63, 1.39, 8.78
7.671455, -0.01577401, 1.63, 1.39, 8.78
7.656267, -0.01577401, 1.63, 1.39, 8.78
7.640732, -0.01577401, 2.3, 1.63, 9.28
7.62485, -0.01577401, 2.3, 1.63, 9.28
7.608638, -0.01577401, 2.3, 1.63, 9.28
7.5921, -0.01577401, 2.3, 1.63, 9.28
7.575242, -0.01577401, 2.3, 1.63, 9.28
7.558073, -0.01577401, 1.55, 0.66, 9.13
7.540596, -0.01577401, 1.55, 0.66, 9.13
7.522819, -0.01577401, 1.55, 0.66, 9.13
7.504752, -0.01577401, 1.55, 0.66, 9.13
7.486402, -0.01577401, 1.55, 0.66, 9.13
7.467777, -0.01577401, 1.55, 0.66, 9.13
7.448886, -0.01577401, 1.4, -0.04, 9.92
7.429749, -0.01577401, 1.4, -0.04, 9.92
7.410373, -0.01577401, 1.4, -0.04, 9.92
7.390767, -0.01577401, 1.4, -0.04, 9.92
7.37094, -0.01577401, 1.4, -0.04, 9.92
7.350899, -0.01577401, 1.4, -0.04, 9.92
7.330649, -0.01577401, 2.18, 3.16, 8.64
7.310303, -0.01577401, 2.18, 3.16, 8.64
7.289847, -0.01577401, 2.18, 3.16, 8.64
7.269272, -0.01577401, 2.18, 3.16, 8.64
7.248571, -0.01577401, 2.18, 3.16, 8.64
7.227737, -0.01577401, 2.53, 3.84, 7.83
7.206768, -0.01577401, 2.53, 3.84, 7.83
7.185887, -0.01577401, 2.53, 3.84, 7.83
7.165048, -0.01577401, 2.53, 3.84, 7.83
7.144208, -0.01577401, 2.53, 3.84, 7.83
7.12333, -0.01577401, 3.2, 3.48, 8.05
7.10238, -0.01577401, 3.2, 3.48, 8.05
7.081394, -0.01577401, 3.2, 3.48, 8.05
7.060333, -0.01577401, 3.2, 3.48, 8.05
7.039172, -0.01577401, 3.2, 3.48, 8.05
7.017883, -0.01577401, 3.2, 3.48, 8.05
6.996449, -0.01577401, 3.86, 2.7, 8.25
6.974856, -0.01577401, 3.86, 2.7, 8.25
6.953199, -0.01577401, 3.86, 2.7, 8.25
6.931458, -0.01577401, 3.86, 2.7, 8.25
6.909625, -0.01577401, 3.86, 2.7, 8.25
6.887685, -0.01577401, 3.86, 2.7, 8.25
6.865628, -0.01577401, 3.19, 3.7, 8.61
6.843492, -0.01577401, 3.19, 3.7, 8.61
6.82127, -0.01577401, 3.19, 3.7, 8.61
6.798966, -0.01577401, 3.19, 3.7, 8.61
6.776573, -0.01577401, 3.19, 3.7, 8.61
6.754096, -0.01577401, 3.93, 3.47, 8.5
6.731537, -0.01577401, 3.93, 3.47, 8.5
6.708947, -0.01577401, 3.93, 3.47, 8.5
6.686323, -0.01577401, 3.93, 3.47, 8.5
6.663659, -0.01577401, 3.93, 3.47, 8.5
6.640953, -0.01577401, 3.93, 3.47, 8.5
6.618204, -0.01577401, 3.11, 4.11, 8.3
6.595415, -0.01577401, 3.11, 4.11, 8.3
6.572556, -0.01577401, 3.11, 4.11, 8.3
6.549629, -0.01577401, 3.11, 4.11, 8.3
6.526633, -0.01577401, 3.11, 4.11, 8.3
6.503569, -0.01577401, 3.11, 4.11, 8.3
6.480443, -0.01577401, 4.32, 4.92, 7.04
6.457262, -0.01577401, 4.32, 4.92, 7.04
6.434116, -0.01577401, 4.32, 4.92, 7.04
6.410993, -0.01577401, 4.32, 4.92, 7.04
6.387871, -0.01577401, 4.32, 4.92, 7.04
6.364739, -0.01577401, 4.4, 4.9, 6.54
6.341589, -0.01577401, 4.4, 4.9, 6.54
6.318529, -0.01577401, 4.4, 4.9, 6.54
6.295526, -0.01577401, 4.4, 4.9, 6.54
6.272549, -0.01577401, 4.4, 4.9, 6.54
6.249577, -0.01577401, 4.4, 4.9, 6.54
6.226591, -0.01577401, 5.06, 5.79, 7.57
6.203583, -0.01577401, 5.06, 5.79, 7.57
6.180696, -0.01577401, 5.06, 5.79, 7.57
6.157897, -0.01577401, 5.06, 5.79, 7.57
6.135152, -0.01577401, 5.06, 5.79, 7.57
6.112437, -0.01577401, 5.06, 5.79, 7.57
6.089737, -0.01577401, 3.41, 3.75, 8.95
6.067037, -0.01577401, 3.41, 3.75, 8.95
6.044079, -0.01577401, 3.41, 3.75, 8.95
6.020897, -0.01577401, 3.41, 3.75, 8.95
5.997526, -0.01577401, 3.41, 3.75, 8.95
5.973991, -0.01577401, 2.43, 0.34, 4.78
5.950317, -0.01577401, 2.43, 0.34, 4.78
5.926582, -0.01577401, 2.43, 0.34, 4.78
5.902801, -0.01577401, 2.43, 0.34, 4.78
5.878983, -0.01577401, 2.43, 0.34, 4.78
5.855141, -0.01577401, 2.43, 0.34, 4.78
5.831283, -0.01577401, 2.6, 1.77, 8.36
5.807209, -0.01577401, 2.6, 1.77, 8.36
5.782975, -0.01577401, 2.6, 1.77, 8.36
5.758626, -0.01577401, 2.6, 1.77, 8.36
5.734194, -0.01577401, 2.6, 1.77, 8.36
5.709715, -0.01577401, 2.37, 3.7, 6.3
5.685211, -0.01577401, 2.37, 3.7, 6.3
5.660654, -0.01577401, 2.37, 3.7, 6.3
5.636106, -0.01577401, 2.37, 3.7, 6.3
5.611605, -0.01577401, 2.37, 3.7, 6.3
5.587192, -0.01577401, 2.37, 3.7, 6.3
5.562892, -0.01577401, 2.51, 1.38, 8.26
5.538731, -0.01577401, 2.51, 1.38, 8.26
5.514646, -0.01577401, 2.51, 1.38, 8.26
5.490681, -0.01577401, 2.51, 1.38, 8.26
5.466879, -0.01577401, 2.51, 1.38, 8.26
5.443264, -0.01577401, 0.31, 2.11, 9.47
5.419861, -0.01577401, 0.31, 2.11, 9.47
5.396514, -0.01577401, 0.31, 2.11, 9.47
5.37329, -0.01577401, 0.31, 2.11, 9.47
5.350232, -0.01577401, 0.31, 2.11, 9.47
5.327385, -0.01577401, 0.31, 2.11, 9.47
5.304775, -0.01577401, 2.11, 2.83, 8.18
5.282428, -0.01577401, 2.11, 2.83, 8.18
5.26028, -0.01577401, 2.11, 2.83, 8.18
5.238358, -0.01577401, 2.11, 2.83, 8.18
5.216679, -0.01577401, 2.11, 2.83, 8.18
5.19526, -0.01577401, 2.11, 2.83, 8.18
5.174112, -0.01577401, 3.35, 2.44, 9.27
5.153244, -0.01577401, 3.35, 2.44, 9.27
5.132701, -0.01577401, 3.35, 2.44, 9.27
5.112468, -0.01577401, 3.35, 2.44, 9.27
5.09253, -0.01577401, 3.35, 2.44, 9.27
5.072881, -0.01577401, 3.35, 2.44, 9.27
5.053514, -0.01577401, 3.24, 3.32, 5.63
5.034632, -0.01577401, 3.24, 3.32, 5.63
5.016169, -0.01577401, 3.24, 3.32, 5.63
4.998072, -0.01577401, 3.24, 3.32, 5.63
4.980319, -0.01577401, 3.24, 3.32, 5.63
4.962874, -0.01577401, 2.94, 2.79, 9.11
4.945718, -0.01577401, 2.94, 2.79, 9.11
4.928946, -0.01577401, 2.94, 2.79, 9.11
4.912488, -0.01577401, 2.94, 2.79, 9.11
4.896293, -0.01577401, 2.94, 2.79, 9.11
4.880323, -0.01577401, 2.94, 2.79, 9.11
4.864548, -0.01577401, 4.15, 4.42, 6.37
4.848885, -0.01577401, 4.15, 4.42, 6.37
4.83332, -0.01577401, 4.15, 4.42, 6.37
4.81784, -0.01577401, 4.15, 4.42, 6.37
4.802436, -0.01577401, 4.15, 4.42, 6.37
4.787101, -0.01577401, 2.73, 6.27, 7.49
4.771826, -0.01577401, 2.73, 6.27, 7.49
4.756665, -0.01577401, 2.73, 6.27, 7.49
4.741575, -0.01577401, 2.73, 6.27, 7.49
4.726536, -0.01577401, 2.73, 6.27, 7.49
4.711529, -0.01577401, 2.73, 6.27, 7.49
4.696543, -0.01577401, 3.16, 7.09, 5.84
4.681565, -0.01577401, 3.16, 7.09, 5.84
4.666589, -0.01577401, 3.16, 7.09, 5.84
4.651581, -0.01577401, 3.16, 7.09, 5.84
4.636525, -0.01577401, 3.16, 7.09, 5.84
4.621401, -0.01577401, 4.34, 6.4, 5.53
4.606197, -0.01577401, 4.34, 6.4, 5.53
4.591056, -0.01577401, 4.34, 6.4, 5.53
4.57591, -0.01577401, 4.34, 6.4, 5.53
4.560721, -0.01577401, 4.34, 6.4, 5.53
4.545466, -0.01577401, 4.34, 6.4, 5.53
4.530118, -0.01577401, 3, 7.65, 5.9
4.514661, -0.01577401, 3, 7.65, 5.9
4.499154, -0.01577401, 3, 7.65, 5.9
4.483554, -0.01577401, 3, 7.65, 5.9
4.467839, -0.01577401, 3, 7.65, 5.9
4.451992, -0.01577401, 3, 7.65, 5.9
4.435999, -0.01577401, 2.31, 6.19, 6.96
4.419852, -0.01577401, 2.31, 6.19, 6.96
4.403371, -0.01577401, 2.31, 6.19, 6.96
4.386601, -0.01577401, 2.31, 6.19, 6.96
4.369563, -0.01577401, 2.31, 6.19, 6.96
4.352273, -0.01577401, 2.72, 7.07, 6.2
4.334747, -0.01577401, 2.72, 7.07, 6.2
4.316962, -0.01577401, 2.72, 7.07, 6.2
4.298943, -0.01577401, 2.72, 7.07, 6.2
4.280715, -0.01577401, 2.72, 7.07, 6.2
4.262295, -0.01577401, 2.72, 7.07, 6.2
4.243701, -0.01577401, 3.67, 6.78, 6.59
4.224946, -0.01577401, 3.67, 6.78, 6.59
4.206068, -0.01577401, 3.67, 6.78, 6.59
4.187075, -0.01577401, 3.67, 6.78, 6.59
4.167988, -0.01577401, 3.67, 6.78, 6.59
4.148812, -0.01577401, 3.67, 6.78, 6.59
4.12956, -0.01577401, 3.35, 4.28, 7.72
4.110244, -0.01577401, 3.35, 4.28, 7.72
4.090999, -0.01577401, 3.35, 4.28, 7.72
4.07183, -0.01577401, 3.35, 4.28, 7.72
4.052745, -0.01577401, 3.35, 4.28, 7.72
4.033743, -0.01577401, 3.35, 4.28, 7.72
4.014835, -0.01577401, 2.62, 4.07, 7.96
3.995941, -0.01577401, 2.62, 4.07, 7.96
3.977112, -0.01577401, 2.62, 4.07, 7.96
3.958377, -0.01577401, 2.62, 4.07, 7.96
3.939759, -0.01577401, 2.51, 3.18, 7.96
3.921278, -0.01577401, 2.51, 3.18, 7.96
3.902945, -0.01577401, 2.51, 3.18, 7.96
3.88469, -0.01577401, 2.51, 3.18, 7.96
3.866577, -0.01577401, 2.51, 3.18, 7.96
3.84865, -0.01577401, 2.51, 3.18, 7.96
3.830938, -0.01577401, 2.15, 3.2, 7.98
3.813468, -0.01577401, 2.15, 3.2, 7.98
3.79619, -0.01577401, 2.15, 3.2, 7.98
3.779169, -0.01577401, 2.15, 3.2, 7.98
3.76245, -0.01577401, 2.15, 3.2, 7.98
3.746057, -0.01577401, 2.15, 3.2, 7.98
3.730016, -0.01577401, 1.69, 2.93, 8.02
3.71434, -0.01577401, 1.69, 2.93, 8.02
3.698971, -0.01577401, 1.69, 2.93, 8.02
3.683954, -0.01577401, 1.69, 2.93, 8.02
3.669311, -0.01577401, 1.69, 2.93, 8.02
3.655069, -0.01577401, 1.69, 2.93, 8.02
3.641236, -0.01577401, 1.41, 2.5, 7.81
3.627744, -0.01577401, 1.41, 2.5, 7.81
3.614625, -0.01577401, 1.41, 2.5, 7.81
3.601902, -0.01577401, 1.41, 2.5, 7.81
3.589588, -0.01577401, 1.41, 2.5, 7.81
3.577697, -0.01577401, 0.57, 2.3, 7.87
3.56623, -0.01577401, 0.57, 2.3, 7.87
3.555043, -0.01577401, 0.57, 2.3, 7.87
3.544186, -0.01577401, 0.57, 2.3, 7.87
3.533681, -0.01577401, 0.57, 2.3, 7.87
3.523543, -0.01577401, 0.57, 2.3, 7.87
3.513783, -0.01577401, -0.95, 2.54, 8.98
3.50441, -0.01577401, -0.95, 2.54, 8.98
3.495293, -0.01577401, -0.95, 2.54, 8.98
3.486486, -0.01577401, -0.95, 2.54, 8.98
3.478025, -0.01577401, -0.95, 2.54, 8.98
3.469927, -0.01577401, -0.95, 2.54, 8.98
3.462203, -0.01577401, -1.16, 2.02, 8.42
3.454861, -0.01577401, -1.16, 2.02, 8.42
3.447735, -0.01577401, -1.16, 2.02, 8.42
3.440893, -0.01577401, -1.16, 2.02, 8.42
3.434366, -0.01577401, -1.16, 2.02, 8.42
3.428171, -0.01577401, -0.93, 1.82, 8.39
3.422323, -0.01577401, -0.93, 1.82, 8.39
3.416735, -0.01577401, -0.93, 1.82, 8.39
3.411445, -0.01577401, -0.93, 1.82, 8.39
3.406473, -0.01577401, -0.93, 1.82, 8.39
3.401831, -0.01577401, -0.93, 1.82, 8.39
3.397526, -0.01577401, -1.34, 1.38, 8.33
3.393562, -0.01577401, -1.34, 1.38, 8.33
3.38989, -0.01577401, -1.34, 1.38, 8.33
3.386536, -0.01577401, -1.34, 1.38, 8.33
3.383514, -0.01577401, -1.34, 1.38, 8.33
3.380825, -0.01577401, -1.34, 1.38, 8.33
3.378474, -0.01577401, -1.26, 1.32, 8.47
3.376435, -0.01577401, -1.26, 1.32, 8.47
3.374725, -0.01577401, -1.26, 1.32, 8.47
3.373356, -0.01577401, -1.26, 1.32, 8.47
3.372327, -0.01577401, -1.26, 1.32, 8.47
3.371642, -0.01577401, -1.11, 1.94, 8.11
3.371296, -0.01577401, -1.11, 1.94, 8.11
3.371279, -0.01577401, -1.11, 1.94, 8.11
3.371593, -0.01577401, -1.11, 1.94, 8.11
3.372228, -0.01577401, -1.11, 1.94, 8.11
3.373185, -0.01577401, -1.11, 1.94, 8.11
3.374454, -0.01577401, -0.04, 3.11, 7.41
3.376077, -0.01577401, -0.04, 3.11, 7.41
3.378002, -0.01577401, -0.04, 3.11, 7.41
3.380205, -0.01577401, -0.04, 3.11, 7.41
3.382672, -0.01577401, -0.04, 3.11, 7.41
3.385388, -0.01577401, -0.43, 3.11, 7.93
3.388348, -0.01577401, -0.43, 3.11, 7.93
3.391562, -0.01577401, -0.43, 3.11, 7.93
3.394981, -0.01577401, -0.43, 3.11, 7.93
3.398588, -0.01577401, -0.43, 3.11, 7.93
3.402364, -0.01577401, -0.45, 3.14, 8
3.406299, -0.01577401, -0.45, 3.14, 8
3.406184, -0.01577401, -0.45, 3.14, 8
3.405953, -0.01577401, -0.45, 3.14, 8
3.406306, -0.01577401, -0.45, 3.14, 8
3.407361, -0.01577401, -0.45, 3.14, 8
3.409137, -0.01577401, -0.49, 2.96, 7.71
3.411633, -0.01577401, -0.49, 2.96, 7.71
3.414838, -0.01577401, -0.49, 2.96, 7.71
3.418752, -0.01577401, -0.49, 2.96, 7.71
3.423368, -0.01577401, -0.49, 2.96, 7.71
3.428683, -0.01577401, -0.49, 2.96, 7.71
3.433577, -0.01577401, -0.67, 2.64, 7.99
3.438461, -0.01577401, -0.67, 2.64, 7.99
3.443359, -0.01577401, -0.67, 2.64, 7.99
3.448291, -0.01577401, -0.67, 2.64, 7.99
3.453236, -0.01577401, -0.67, 2.64, 7.99
3.458211, -0.01577401, -0.6, 2.93, 8.12
3.463225, -0.01577401, -0.6, 2.93, 8.12
3.468265, -0.01577401, -0.6, 2.93, 8.12
3.47334, -0.01577401, -0.6, 2.93, 8.12
3.478449, -0.01577401, -0.6, 2.93, 8.12
3.483597, -0.01577401, -0.6, 2.93, 8.12
3.488778, -0.01577401, -0.53, 3.01, 7.95
3.493995, -0.01577401, -0.53, 3.01, 7.95
3.499266, -0.01577401, -0.53, 3.01, 7.95
3.504581, -0.01577401, -0.53, 3.01, 7.95
3.509929, -0.01577401, -0.53, 3.01, 7.95
3.515315, -0.01577401, -0.53, 3.01, 7.95
3.52073, -0.01577401, -0.74, 3.09, 8.1
3.526175, -0.01577401, -0.74, 3.09, 8.1
3.531403, -0.01577401, -0.74, 3.09, 8.1
3.536855, -0.01577401, -0.74, 3.09, 8.1
3.542352, -0.01577401, -0.74, 3.09, 8.1
3.54786, -0.01577401, -0.74, 3.09, 8.1
3.553371, -0.01577401, -0.37, 3.69, 7.84
3.558883, -0.01577401, -0.37, 3.69, 7.84
3.564388, -0.01577401, -0.37, 3.69, 7.84
3.56988, -0.01577401, -0.37, 3.69, 7.84
3.575355, -0.01577401, -0.37, 3.69, 7.84
3.580814, -0.01577401, -0.37, 3.69, 7.84
3.586249, -0.01577401, -0.16, 3.95, 7.16
3.59167, -0.01577401, -0.16, 3.95, 7.16
3.597046, -0.01577401, -0.16, 3.95, 7.16
3.602367, -0.01577401, -0.16, 3.95, 7.16
3.607626, -0.01577401, -0.48, 3.82, 7.63
3.612816, -0.01577401, -0.48, 3.82, 7.63
3.617527, -0.01577401, -0.48, 3.82, 7.63
3.622597, -0.01577401, -0.48, 3.82, 7.63
3.628191, -0.01577401, -0.48, 3.82, 7.63
3.634316, -0.01577401, -0.48, 3.82, 7.63
3.640965, -0.01577401, -0.56, 3.7, 7.86
3.648124, -0.01577401, -0.56, 3.7, 7.86
3.65577, -0.01577401, -0.56, 3.7, 7.86
3.663906, -0.01577401, -0.56, 3.7, 7.86
3.672525, -0.01577401, -0.56, 3.7, 7.86
3.681622, -0.01577401, -0.56, 3.7, 7.86
3.69119, -0.01577401, -0.54, 4.08, 7.45
3.701222, -0.01577401, -0.54, 4.08, 7.45
3.711693, -0.01577401, -0.54, 4.08, 7.45
3.722594, -0.01577401, -0.54, 4.08, 7.45
3.733912, -0.01577401, -0.54, 4.08, 7.45
3.74564, -0.01577401, -0.54, 4.08, 7.45
3.757764, -0.01577401, -0.72, 4.32, 7.57
3.770273, -0.01577401, -0.72, 4.32, 7.57
3.78313, -0.01577401, -0.72, 4.32, 7.57
3.796323, -0.01577401, -0.72, 4.32, 7.57
3.809842, -0.01577401, -0.72, 4.32, 7.57
3.823667, -0.01577401, -0.75, 3.87, 7
3.837789, -0.01577401, -0.75, 3.87, 7
3.852183, -0.01577401, -0.75, 3.87, 7
3.866838, -0.01577401, -0.75, 3.87, 7
3.881739, -0.01577401, -0.75, 3.87, 7
3.896876, -0.01577401, -0.75, 3.87, 7
3.912233, -0.01577401, -1.34, 2.56, 8.81
3.927801, -0.01577401, -1.34, 2.56, 8.81
3.94347, -0.01577401, -1.34, 2.56, 8.81
3.959245, -0.01577401, -1.34, 2.56, 8.81
3.975123, -0.01577401, -1.34, 2.56, 8.81
3.991093, -0.01577401, -1.34, 2.56, 8.81
4.007147, -0.01577401, -1.77, 4.01, 7.64
4.023231, -0.01577401, -1.77, 4.01, 7.64
4.039355, -0.01577401, -1.77, 4.01, 7.64
4.055525, -0.01577401, -1.77, 4.01, 7.64
4.071732, -0.01577401, -1.77, 4.01, 7.64
4.08797, -0.01577401, -1.94, 3.53, 7.51
4.104234, -0.01577401, -1.94, 3.53, 7.51
4.120459, -0.01577401, -1.94, 3.53, 7.51
4.136666, -0.01577401, -1.94, 3.53, 7.51
4.152864, -0.01577401, -1.94, 3.53, 7.51
4.169048, -0.01577401, -2.25, 3.31, 6.71
4.185213, -0.01577401, -2.25, 3.31, 6.71
4.201329, -0.01577401, -2.25, 3.31, 6.71
4.21742, -0.01577401, -2.25, 3.31, 6.71
4.233485, -0.01577401, -2.25, 3.31, 6.71
4.249521, -0.01577401, -2.25, 3.31, 6.71
4.265523, -0.01577401, -1.78, 3.58, 7.08
4.281483, -0.01577401, -1.78, 3.58, 7.08
4.297378, -0.01577401, -1.78, 3.58, 7.08
4.313192, -0.01577401, -1.78, 3.58, 7.08
4.328918, -0.01577401, -1.78, 3.58, 7.08
4.344544, -0.01577401, -1.78, 3.58, 7.08
4.360062, -0.01577401, -0.77, 3.98, 6.54
4.375459, -0.01577401, -0.77, 3.98, 6.54
4.390738, -0.01577401, -0.77, 3.98, 6.54
4.405859, -0.01577401, -0.77, 3.98, 6.54
4.420798, -0.01577401, -0.77, 3.98, 6.54
4.435537, -0.01577401, -0.5, 5.22, 6.67
4.450069, -0.01577401, -0.5, 5.22, 6.67
4.454637, -0.01577401, -0.5, 5.22, 6.67
4.456396, -0.01577401, -0.5, 5.22, 6.67
4.458517, -0.01577401, -0.5, 5.22, 6.67
4.461043, -0.01577401, -0.5, 5.22, 6.67
4.463499, -0.01577401, -0.91, 5.7, 6.83
4.465716, -0.01577401, -0.91, 5.7, 6.83
4.457982, -0.01577401, -0.91, 5.7, 6.83
4.448093, -0.01577401, -0.91, 5.7, 6.83
4.437342, -0.01577401, -0.91, 5.7, 6.83
4.425959, -0.01577401, -0.91, 5.7, 6.83
4.413994, -0.01577401, -0.59, 5.16, 6.42
4.401468, -0.01577401, -0.59, 5.16, 6.42
4.38839, -0.01577401, -0.59, 5.16, 6.42
4.374755, -0.01577401, -0.59, 5.16, 6.42
4.360578, -0.01577401, -0.59, 5.16, 6.42
4.345864, -0.01577401, -0.63, 5.35, 7.2
4.330636, -0.01577401, -0.63, 5.35, 7.2
4.314912, -0.01577401, -0.63, 5.35, 7.2
4.298701, -0.01577401, -0.63, 5.35, 7.2
4.282014, -0.01577401, -0.63, 5.35, 7.2
4.264868, -0.01577401, -0.63, 5.35, 7.2
4.247278, -0.01577401, -0.82, 5.15, 6.76
4.229261, -0.01577401, -0.82, 5.15, 6.76
4.222388, -0.01577401, -0.82, 5.15, 6.76
4.218939, -0.01577401, -0.82, 5.15, 6.76
4.214839, -0.01577401, -0.82, 5.15, 6.76
4.209833, -0.01577401, -0.82, 5.15, 6.76
4.204409, -0.01577401, -1.02, 5.13, 7.11
4.19875, -0.01577401, -1.02, 5.13, 7.11
4.192861, -0.01577401, -1.02, 5.13, 7.11
4.186725, -0.01577401, -1.02, 5.13, 7.11
4.180345, -0.01577401, -1.02, 5.13, 7.11
4.173727, -0.01577401, -0.34, 5.17, 6.53
4.166885, -0.01577401, -0.34, 5.17, 6.53
4.159823, -0.01577401, -0.34, 5.17, 6.53
4.152536, -0.01577401, -0.34, 5.17, 6.53
4.145041, -0.01577401, -0.34, 5.17, 6.53
4.137336, -0.01577401, -0.22, 6.25, 6.3
4.12943, -0.01577401, -0.22, 6.25, 6.3
4.12136, -0.01577401, -0.22, 6.25, 6.3
4.113105, -0.01577401, -0.22, 6.25, 6.3
4.104655, -0.01577401, -0.22, 6.25, 6.3
4.096017, -0.01577401, -0.22, 6.25, 6.3
4.087189, -0.01577401, -0.53, 4.91, 7.7
4.078183, -0.01577401, -0.53, 4.91, 7.7
4.069041, -0.01577401, -0.53, 4.91, 7.7
4.059774, -0.01577401, -0.53, 4.91, 7.7
4.050385, -0.01577401, -0.53, 4.91, 7.7
4.040877, -0.01577401, -0.28, 6.26, 7.36
4.031252, -0.01577401, -0.28, 6.26, 7.36
4.021541, -0.01577401, -0.28, 6.26, 7.36
4.011758, -0.01577401, -0.28, 6.26, 7.36
4.00191, -0.01577401, -0.28, 6.26, 7.36
3.992001, -0.01577401, -0.28, 6.26, 7.36
3.982036, -0.01577401, 2.31, 4.73, 6.55
3.972021, -0.01577401, 2.31, 4.73, 6.55
3.962063, -0.01577401, 2.31, 4.73, 6.55
3.952142, -0.01577401, 2.31, 4.73, 6.55
3.942243, -0.01577401, 2.31, 4.73, 6.55
3.932366, -0.01577401, 2.31, 4.73, 6.55
3.922512, -0.01577401, 3.52, 5.97, 5.49
3.91268, -0.01577401, 3.52, 5.97, 5.49
3.903111, -0.01577401, 3.52, 5.97, 5.49
3.893676, -0.01577401, 3.52, 5.97, 5.49
3.884313, -0.01577401, 3.52, 5.97, 5.49
3.875007, -0.01577401, 3.52, 5.97, 5.49
3.865757, -0.01577401, 2.55, 4.38, 5.88
3.856556, -0.01577401, 2.55, 4.38, 5.88
3.847486, -0.01577401, 2.55, 4.38, 5.88
3.838494, -0.01577401, 2.55, 4.38, 5.88
3.829557, -0.01577401, 2.55, 4.38, 5.88
3.820669, -0.01577401, 1.83, 6.06, 5.44
3.81183, -0.01577401, 1.83, 6.06, 5.44
3.803051, -0.01577401, 1.83, 6.06, 5.44
3.794342, -0.01577401, 1.83, 6.06, 5.44
3.7857, -0.01577401, 1.83, 6.06, 5.44
3.777125, -0.01577401, 1.83, 6.06, 5.44
3.768616, -0.01577401, 1.85, 4.98, 5.44
3.760176, -0.01577401, 1.85, 4.98, 5.44
3.751718, -0.01577401, 1.85, 4.98, 5.44
3.743295, -0.01577401, 1.85, 4.98, 5.44
3.734932, -0.01577401, 1.85, 4.98, 5.44
3.726637, -0.01577401, 1.85, 4.98, 5.44
3.718414, -0.01577401, 2.21, 7.17, 7.46
3.710257, -0.01577401, 2.21, 7.17, 7.46
3.702185, -0.01577401, 2.21, 7.17, 7.46
3.694214, -0.01577401, 2.21, 7.17, 7.46
3.686344, -0.01577401, 2.21, 7.17, 7.46
3.678577, -0.01577401, 2.21, 7.17, 7.46
3.670915, -0.01577401, 2.06, 6.58, 7.46
3.663368, -0.01577401, 2.06, 6.58, 7.46
3.655919, -0.01577401, 2.06, 6.58, 7.46
3.648571, -0.01577401, 2.06, 6.58, 7.46
3.641323, -0.01577401, 2.41, 6.99, 6.49
3.634172, -0.01577401, 2.41, 6.99, 6.49
3.627126, -0.01577401, 2.41, 6.99, 6.49
3.620207, -0.01577401, 2.41, 6.99, 6.49
3.613389, -0.01577401, 2.41, 6.99, 6.49
3.606657, -0.01577401, 2.41, 6.99, 6.49
3.600009, -0.01577401, 3.7, 7.26, 4.21
3.593444, -0.01577401, 3.7, 7.26, 4.21
3.587014, -0.01577401, 3.7, 7.26, 4.21
3.580651, -0.01577401, 3.7, 7.26, 4.21
3.574324, -0.01577401, 3.7, 7.26, 4.21
3.568026, -0.01577401, 3.7, 7.26, 4.21
3.561757, -0.01577401, 3.64, 7.03, 4.64
3.555518, -0.01577401, 3.64, 7.03, 4.64
3.549327, -0.01577401, 3.64, 7.03, 4.64
3.543143, -0.01577401, 3.64, 7.03, 4.64
3.536942, -0.01577401, 3.64, 7.03, 4.64
3.530724, -0.01577401, 3.52, 7.24, 5.31
3.524485, -0.01577401, 3.52, 7.24, 5.31
3.518277, -0.01577401, 3.52, 7.24, 5.31
3.512066, -0.01577401, 3.52, 7.24, 5.31
3.505843, -0.01577401, 3.52, 7.24, 5.31
3.4996, -0.01577401, 3.52, 7.24, 5.31
3.493341, -0.01577401, 3.84, 7.39, 5.05
3.487061, -0.01577401, 3.84, 7.39, 5.05
3.480742, -0.01577401, 3.84, 7.39, 5.05
3.474374, -0.01577401, 3.84, 7.39, 5.05
3.467963, -0.01577401, 3.84, 7.39, 5.05
3.461509, -0.01577401, 3.84, 7.39, 5.05
3.455015, -0.01577401, 2.99, 8.85, 4.13
3.448486, -0.01577401, 2.99, 8.85, 4.13
3.441842, -0.01577401, 2.99, 8.85, 4.13
3.435065, -0.01577401, 2.99, 8.85, 4.13
3.428163, -0.01577401, 2.99, 8.85, 4.13
3.421137, -0.01577401, 2.99, 8.85, 4.13
3.413991, -0.01577401, 3.66, 7.98, 3.43
3.406733, -0.01577401, 3.66, 7.98, 3.43
3.399351, -0.01577401, 3.66, 7.98, 3.43
3.391804, -0.01577401, 3.66, 7.98, 3.43
3.384091, -0.01577401, 3.66, 7.98, 3.43
3.376212, -0.01577401, 2.26, 9.51, 4.58
3.3682, -0.01577401, 2.26, 9.51, 4.58
3.360005, -0.01577401, 2.26, 9.51, 4.58
3.351668, -0.01577401, 2.26, 9.51, 4.58
3.343213, -0.01577401, 2.26, 9.51, 4.58
3.334636, -0.01577401, 2.81, 7.79, 4.55
3.325955, -0.01577401, 2.81, 7.79, 4.55
3.317224, -0.01577401, 2.81, 7.79, 4.55
3.308502, -0.01577401, 2.81, 7.79, 4.55
3.299878, -0.01577401, 2.81, 7.79, 4.55
3.291206, -0.01577401, 2.81, 7.79, 4.55
3.282387, -0.01577401, 2.44, 8.88, 4.14
3.273387, -0.01577401, 2.44, 8.88, 4.14
3.26428, -0.01577401, 2.44, 8.88, 4.14
3.255146, -0.01577401, 2.44, 8.88, 4.14
3.246079, -0.01577401, 2.44, 8.88, 4.14
3.237011, -0.01577401, 3.05, 7.76, 3.61
3.227944, -0.01577401, 3.05, 7.76, 3.61
3.21883, -0.01577401, 3.05, 7.76, 3.61
3.209623, -0.01577401, 3.05, 7.76, 3.61
3.200312, -0.01577401, 3.05, 7.76, 3.61
3.19088, -0.01577401, 3.05, 7.76, 3.61
3.181296, -0.01577401, 2.89, 8.88, 3.75
3.171554, -0.01577401, 2.89, 8.88, 3.75
3.16162, -0.01577401, 2.89, 8.88, 3.75
3.151554, -0.01577401, 2.89, 8.88, 3.75
3.141328, -0.01577401, 2.89, 8.88, 3.75
3.130921, -0.01577401, 2.89, 8.88, 3.75
3.12032, -0.01577401, 2.85, 7.52, 4.24
3.109531, -0.01577401, 2.85, 7.52, 4.24
3.098579, -0.01577401, 2.85, 7.52, 4.24
3.087457, -0.01577401, 2.85, 7.52, 4.24
3.076163, -0.01577401, 2.85, 7.52, 4.24
3.064704, -0.01577401, 2.85, 7.52, 4.24
3.053081, -0.01577401, 2.28, 6.41, 5.37
3.041309, -0.01577401, 2.28, 6.41, 5.37
3.029391, -0.01577401, 2.28, 6.41, 5.37
3.017382, -0.01577401, 2.28, 6.41, 5.37
3.005306, -0.01577401, 2.28, 6.41, 5.37
2.993171, -0.01577401, 1.25, 5.54, 7.19
2.980978, -0.01577401, 1.25, 5.54, 7.19
2.968807, -0.01577401, 1.25, 5.54, 7.19
2.956738, -0.01577401, 1.25, 5.54, 7.19
2.944813, -0.01577401, 1.25, 5.54, 7.19
2.933048, -0.01577401, 1.25, 5.54, 7.19
2.921441, -0.01577401, 0.88, 4.65, 6.95
2.909996, -0.01577401, 0.88, 4.65, 6.95
2.898668, -0.01577401, 0.88, 4.65, 6.95
2.88754, -0.01577401, 0.88, 4.65, 6.95
2.876662, -0.01577401, 0.88, 4.65, 6.95
2.866046, -0.01577401, 0.88, 4.65, 6.95
2.855699, -0.01577401, 0.24, 4.04, 7.01
2.845624, -0.01577401, 0.24, 4.04, 7.01
2.8358, -0.01577401, 0.24, 4.04, 7.01
2.826279, -0.01577401, 0.24, 4.04, 7.01
2.817098, -0.01577401, 0.24, 4.04, 7.01
2.808259, -0.01577401, 0.5, 4.22, 6.96
2.799763, -0.01577401, 0.5, 4.22, 6.96
2.791607, -0.01577401, 0.5, 4.22, 6.96
2.783833, -0.01577401, 0.5, 4.22, 6.96
2.776458, -0.01577401, 0.5, 4.22, 6.96
2.769483, -0.01577401, 0.5, 4.22, 6.96
2.762901, -0.01577401, 0.04, 4.04, 7.27
2.756706, -0.01577401, 0.04, 4.04, 7.27
2.750903, -0.01577401, 0.04, 4.04, 7.27
2.745529, -0.01577401, 0.04, 4.04, 7.27
2.740597, -0.01577401, 0.04, 4.04, 7.27
2.736098, -0.01577401, 0.04, 4.04, 7.27
2.73202, -0.01577401, 0.16, 3.77, 7.8
2.728358, -0.01577401, 0.16, 3.77, 7.8
2.72511, -0.01577401, 0.16, 3.77, 7.8
2.722277, -0.01577401, 0.16, 3.77, 7.8
2.719862, -0.01577401, 0.16, 3.77, 7.8
2.717847, -0.01577401, -1.14, 3.91, 9.09
2.716208, -0.01577401, -1.14, 3.91, 9.09
2.714963, -0.01577401, -1.14, 3.91, 9.09
2.714115, -0.01577401, -1.14, 3.91, 9.09
2.713656, -0.01577401, -1.14, 3.91, 9.09
2.713574, -0.01577401, -1.14, 3.91, 9.09
2.713866, -0.01577401, -0.08, 3.38, 8
2.714546, -0.01577401, -0.08, 3.38, 8
2.715615, -0.01577401, -0.08, 3.38, 8
2.717067, -0.01577401, -0.08, 3.38, 8
2.718889, -0.01577401, -0.08, 3.38, 8
2.721054, -0.01577401, -0.68, 3.72, 7.42
2.723547, -0.01577401, -0.68, 3.72, 7.42
2.726373, -0.01577401, -0.68, 3.72, 7.42
2.729512, -0.01577401, -0.68, 3.72, 7.42
2.732868, -0.01577401, -0.68, 3.72, 7.42
2.736378, -0.01577401, -0.83, 2.83, 8.34
2.739876, -0.01577401, -0.83, 2.83, 8.34
2.743217, -0.01577401, -0.83, 2.83, 8.34
2.746283, -0.01577401, -0.83, 2.83, 8.34
2.748976, -0.01577401, -0.83, 2.83, 8.34
2.751223, -0.01577401, -0.83, 2.83, 8.34
2.752973, -0.01577401, 0.18, 4.66, 6.03
2.7542, -0.01577401, 0.18, 4.66, 6.03
2.754847, -0.01577401, 0.18, 4.66, 6.03
2.754908, -0.01577401, 0.18, 4.66, 6.03
2.753188, -0.01577401, 0.18, 4.66, 6.03
2.751209, -0.01577401, 0.18, 4.66, 6.03
2.749239, -0.01577401, 0.39, 6.18, 5.89
2.747387, -0.01577401, 0.39, 6.18, 5.89
2.745527, -0.01577401, 0.39, 6.18, 5.89
2.742759, -0.01577401, 0.39, 6.18, 5.89
2.739767, -0.01577401, 0.39, 6.18, 5.89
2.736745, -0.01577401, 0.64, 7.05, 4.7
2.733784, -0.01577401, 0.64, 7.05, 4.7
2.730249, -0.01577401, 0.64, 7.05, 4.7
2.726483, -0.01577401, 0.64, 7.05, 4.7
2.722647, -0.01577401, 0.64, 7.05, 4.7
2.718833, -0.01577401, 0.64, 7.05, 4.7
2.715065, -0.01577401, 0.55, 7.42, 5.16
2.711356, -0.01577401, 0.55, 7.42, 5.16
2.707668, -0.01577401, 0.55, 7.42, 5.16
2.703976, -0.01577401, 0.55, 7.42, 5.16
2.700308, -0.01577401, 0.55, 7.42, 5.16
2.696702, -0.01577401, 0.55, 7.42, 5.16
2.693188, -0.01577401, 1.01, 7.2, 5.27
2.689752, -0.01577401, 1.01, 7.2, 5.27
2.686389, -0.01577401, 1.01, 7.2, 5.27
2.682901, -0.01577401, 1.01, 7.2, 5.27
2.679339, -0.01577401, 1.01, 7.2, 5.27
2.675701, -0.01577401, 0.05, 5.87, 6.94
2.671993, -0.01577401, 0.05, 5.87, 6.94
2.668285, -0.01577401, 0.05, 5.87, 6.94
2.664631, -0.01577401, 0.05, 5.87, 6.94
2.661045, -0.01577401, 0.05, 5.87, 6.94
2.657503, -0.01577401, 0.05, 5.87, 6.94
2.654017, -0.01577401, -0.92, 5.41, 8.17
2.65058, -0.01577401, -0.92, 5.41, 8.17
2.647251, -0.01577401, -0.92, 5.41, 8.17
2.644094, -0.01577401, -0.92, 5.41, 8.17
2.641142, -0.01577401, -0.92, 5.41, 8.17
2.638364, -0.01577401, -0.92, 5.41, 8.17
2.635732, -0.01577401, -1.42, 3.72, 7.37
2.633241, -0.01577401, -1.42, 3.72, 7.37
2.630948, -0.01577401, -1.42, 3.72, 7.37
2.628833, -0.01577401, -1.42, 3.72, 7.37
2.626847, -0.01577401, -1.42, 3.72, 7.37
2.624934, -0.01577401, -1.28, 3.37, 7.16
2.623044, -0.01577401, -1.28, 3.37, 7.16
2.621156, -0.01577401, -1.28, 3.37, 7.16
2.619271, -0.01577401, -1.28, 3.37, 7.16
2.617346, -0.01577401, -1.28, 3.37, 7.16
2.615339, -0.01577401, -1.28, 3.37, 7.16
2.613205, -0.01577401, -1.65, 3.59, 6.41
2.610915, -0.01577401, -1.65, 3.59, 6.41
2.608448, -0.01577401, -1.65, 3.59, 6.41
2.605807, -0.01577401, -1.65, 3.59, 6.41
2.602983, -0.01577401, -1.65, 3.59, 6.41
2.599957, -0.01577401, -1.65, 3.59, 6.41
2.596719, -0.01577401, -1.57, 3.34, 6.56
2.592717, -0.01577401, -1.57, 3.34, 6.56
2.588765, -0.01577401, -1.57, 3.34, 6.56
2.584963, -0.01577401, -1.57, 3.34, 6.56
2.581321, -0.01577401, -1.57, 3.34, 6.56
2.577763, -0.01577401, -1.48, 3.85, 6.9
2.574216, -0.01577401, -1.48, 3.85, 6.9
2.570619, -0.01577401, -1.48, 3.85, 6.9
2.566941, -0.01577401, -1.48, 3.85, 6.9
2.56315, -0.01577401, -1.48, 3.85, 6.9
2.559215, -0.01577401, -1.48, 3.85, 6.9
2.555115, -0.01577401, -2.19, 3.35, 7.2
2.550831, -0.01577401, -2.19, 3.35, 7.2
2.545624, -0.01577401, -2.19, 3.35, 7.2
2.540427, -0.01577401, -2.19, 3.35, 7.2
2.534843, -0.01577401, -2.19, 3.35, 7.2
2.529238, -0.01577401, -1.63, 3.48, 6.64
2.523489, -0.01577401, -1.63, 3.48, 6.64
2.517749, -0.01577401, -1.63, 3.48, 6.64
2.511891, -0.01577401, -1.63, 3.48, 6.64
2.506063, -0.01577401, -1.63, 3.48, 6.64
2.500224, -0.01577401, -1.63, 3.48, 6.64
2.49444, -0.01577401, -2.25, 3.52, 7.89
2.488748, -0.01577401, -2.25, 3.52, 7.89
2.48322, -0.01577401, -2.25, 3.52, 7.89
2.478162, -0.01577401, -2.25, 3.52, 7.89
2.473638, -0.01577401, -2.25, 3.52, 7.89
2.469553, -0.01577401, -1.4, 4.84, 6.31
2.465794, -0.01577401, -1.4, 4.84, 6.31
2.462227, -0.01577401, -1.4, 4.84, 6.31
2.458761, -0.01577401, -1.4, 4.84, 6.31
2.455343, -0.01577401, -1.4, 4.84, 6.31
2.451934, -0.01577401, -1.4, 4.84, 6.31
2.448509, -0.01577401, -0.49, 6.03, 5.87
2.445054, -0.01577401, -0.49, 6.03, 5.87
2.441482, -0.01577401, -0.49, 6.03, 5.87
2.437742, -0.01577401, -0.49, 6.03, 5.87
2.433871, -0.01577401, -0.49, 6.03, 5.87
2.429928, -0.01577401, -0.49, 6.03, 5.87
2.425974, -0.01577401, -0.23, 6.16, 5.54
2.422061, -0.01577401, -0.23, 6.16, 5.54
2.418149, -0.01577401, -0.23, 6.16, 5.54
2.414231, -0.01577401, -0.23, 6.16, 5.54
2.410367, -0.01577401, -0.23, 6.16, 5.54
2.406635, -0.01577401, -0.18, 6.88, 5.55
2.403081, -0.01577401, -0.18, 6.88, 5.55
2.399694, -0.01577401, -0.18, 6.88, 5.55
2.396462, -0.01577401, -0.18, 6.88, 5.55
2.393408, -0.01577401, -0.18, 6.88, 5.55
2.390559, -0.01577401, -0.18, 6.88, 5.55
2.387961, -0.01577401, 0.16, 6.48, 5.56
2.385613, -0.01577401, 0.16, 6.48, 5.56
2.383508, -0.01577401, 0.16, 6.48, 5.56
2.381651, -0.01577401, 0.16, 6.48, 5.56
2.380024, -0.01577401, 0.16, 6.48, 5.56
2.37864, -0.01577401, 0.16, 6.48, 5.56
2.377517, -0.01577401, -0.41, 6.69, 5.61
2.376669, -0.01577401, -0.41, 6.69, 5.61
2.376095, -0.01577401, -0.41, 6.69, 5.61
2.375741, -0.01577401, -0.41, 6.69, 5.61
2.375542, -0.01577401, -0.41, 6.69, 5.61
2.375495, -0.01577401, 0.12, 6.53, 5.27
2.375592, -0.01577401, 0.12, 6.53, 5.27
2.375821, -0.01577401, 0.12, 6.53, 5.27
2.376164, -0.01577401, 0.12, 6.53, 5.27
2.376626, -0.01577401, 0.12, 6.53, 5.27
2.3772, -0.01577401, 0.12, 6.53, 5.27
2.377869, -0.01577401, -0.24, 6.76, 5.72
2.378642, -0.01577401, -0.24, 6.76, 5.72
2.379507, -0.01577401, -0.24, 6.76, 5.72
2.380461, -0.01577401, -0.24, 6.76, 5.72
2.381497, -0.01577401, -0.24, 6.76, 5.72
2.382607, -0.01577401, 0.11, 6.62, 5.67
2.383786, -0.01577401, 0.11, 6.62, 5.67
2.385043, -0.01577401, 0.11, 6.62, 5.67
2.386367, -0.01577401, 0.11, 6.62, 5.67
2.387753, -0.01577401, 0.11, 6.62, 5.67
2.389189, -0.01577401, 0.11, 6.62, 5.67
2.390679, -0.01577401, -0.07, 7.13, 5.24
2.392223, -0.01577401, -0.07, 7.13, 5.24
2.393813, -0.01577401, -0.07, 7.13, 5.24
2.395446, -0.01577401, -0.07, 7.13, 5.24
2.39712, -0.01577401, -0.07, 7.13, 5.24
2.398824, -0.01577401, 0.24, 6.59, 5.51
2.400537, -0.01577401, 0.24, 6.59, 5.51
2.402252, -0.01577401, 0.24, 6.59, 5.51
2.403955, -0.01577401, 0.24, 6.59, 5.51
2.405596, -0.01577401, 0.24, 6.59, 5.51
2.407174, -0.01577401, 0.24, 6.59, 5.51
2.408707, -0.01577401, 0.01, 7.02, 5.08
2.410218, -0.01577401, 0.01, 7.02, 5.08
2.411705, -0.01577401, 0.01, 7.02, 5.08
2.413131, -0.01577401, 0.01, 7.02, 5.08
2.4145, -0.01577401, 0.01, 7.02, 5.08
2.415828, -0.01577401, 0.01, 7.02, 5.08
2.417108, -0.01577401, 0.76, 7.09, 4.7
2.418341, -0.01577401, 0.76, 7.09, 4.7
2.419517, -0.01577401, 0.76, 7.09, 4.7
2.420588, -0.01577401, 0.76, 7.09, 4.7
2.421565, -0.01577401, 0.76, 7.09, 4.7
2.422447, -0.01577401, 0.39, 7.6, 4.62
2.423234, -0.01577401, 0.39, 7.6, 4.62
2.423896, -0.01577401, 0.39, 7.6, 4.62
2.424416, -0.01577401, 0.39, 7.6, 4.62
2.424829, -0.01577401, 0.39, 7.6, 4.62
2.425113, -0.01577401, 0.39, 7.6, 4.62
2.425279, -0.01577401, 0.72, 7.21, 4.39
2.425312, -0.01577401, 0.72, 7.21, 4.39
2.425197, -0.01577401, 0.72, 7.21, 4.39
2.424932, -0.01577401, 0.72, 7.21, 4.39
2.42453, -0.01577401, 0.72, 7.21, 4.39
2.424002, -0.01577401, 0.46, 7.83, 4.31
2.423371, -0.01577401, 0.46, 7.83, 4.31
2.422612, -0.01577401, 0.46, 7.83, 4.31
2.421719, -0.01577401, 0.46, 7.83, 4.31
2.420696, -0.01577401, 0.46, 7.83, 4.31
2.419578, -0.01577401, 0.46, 7.83, 4.31
2.418345, -0.01577401, 0.46, 7.83, 4.31
2.416991, -0.01577401, 0.79, 7.4, 4.53
2.41551, -0.01577401, 0.79, 7.4, 4.53
2.413886, -0.01577401, 0.79, 7.4, 4.53
2.41213, -0.01577401, 0.79, 7.4, 4.53
2.410242, -0.01577401, 0.79, 7.4, 4.53
2.408233, -0.01577401, 0.55, 7.64, 4.35
2.4061, -0.01577401, 0.55, 7.64, 4.35
2.40386, -0.01577401, 0.55, 7.64, 4.35
2.401519, -0.01577401, 0.55, 7.64, 4.35
2.399072, -0.01577401, 0.55, 7.64, 4.35
2.396517, -0.01577401, 0.55, 7.64, 4.35
2.393866, -0.01577401, 0.6, 7.61, 4.59
2.391126, -0.01577401, 0.6, 7.61, 4.59
2.388288, -0.01577401, 0.6, 7.61, 4.59
2.385354, -0.01577401, 0.6, 7.61, 4.59
2.382323, -0.01577401, 0.6, 7.61, 4.59
2.379199, -0.01577401, 0.57, 7.86, 4.56
2.375984, -0.01577401, 0.57, 7.86, 4.56
2.372686, -0.01577401, 0.57, 7.86, 4.56
2.369306, -0.01577401, 0.57, 7.86, 4.56
2.365848, -0.01577401, 0.57, 7.86, 4.56
2.362317, -0.01577401, 0.57, 7.86, 4.56
2.358712, -0.01577401, 0.73, 7.6, 4.59
2.355038, -0.01577401, 0.73, 7.6, 4.59
2.351296, -0.01577401, 0.73, 7.6, 4.59
2.347489, -0.01577401, 0.73, 7.6, 4.59
2.343621, -0.01577401, 0.73, 7.6, 4.59
2.339691, -0.01577401, 0.73, 7.6, 4.59
2.335703, -0.01577401, 0.57, 7.64, 4.52
2.331646, -0.01577401, 0.57, 7.64, 4.52
2.327523, -0.01577401, 0.57, 7.64, 4.52
2.323341, -0.01577401, 0.57, 7.64, 4.52
2.319104, -0.01577401, 0.57, 7.64, 4.52
2.314814, -0.01577401, 0.57, 7.64, 4.52
2.31047, -0.01577401, 0.57, 7.88, 4.57
2.306102, -0.01577401, 0.57, 7.88, 4.57
2.301712, -0.01577401, 0.57, 7.88, 4.57
2.297302, -0.01577401, 0.57, 7.88, 4.57
2.292868, -0.01577401, 0.57, 7.88, 4.57
2.288415, -0.01577401, 0.64, 7.7, 4.53
2.283915, -0.01577401, 0.64, 7.7, 4.53
2.279376, -0.01577401, 0.64, 7.7, 4.53
2.274806, -0.01577401, 0.64, 7.7, 4.53
2.270211, -0.01577401, 0.64, 7.7, 4.53
2.265589, -0.01577401, 0.77, 7.38, 4.47
2.260943, -0.01577401, 0.77, 7.38, 4.47
2.256303, -0.01577401, 0.77, 7.38, 4.47
2.251661, -0.01577401, 0.77, 7.38, 4.47
2.247013, -0.01577401, 0.77, 7.38, 4.47
2.242361, -0.01577401, 0.77, 7.38, 4.47
2.237705, -0.01577401, 0.56, 7.34, 4.66
2.23305, -0.01577401, 0.56, 7.34, 4.66
2.228396, -0.01577401, 0.56, 7.34, 4.66
2.223762, -0.01577401, 0.56, 7.34, 4.66
2.219149, -0.01577401, 0.56, 7.34, 4.66
2.21456, -0.01577401, 0.56, 7.34, 4.66
2.20999, -0.01577401, 0.77, 7.11, 4.86
2.205466, -0.01577401, 0.77, 7.11, 4.86
2.20099, -0.01577401, 0.77, 7.11, 4.86
2.196559, -0.01577401, 0.77, 7.11, 4.86
2.192171, -0.01577401, 0.77, 7.11, 4.86
2.187825, -0.01577401, 0.77, 7.11, 4.86
2.183521, -0.01577401, 0.57, 7.27, 4.86
2.179262, -0.01577401, 0.57, 7.27, 4.86
2.159741, -0.01577401, 0.57, 7.27, 4.86
2.137335, -0.01577401, 0.57, 7.27, 4.86
2.113964, -0.01577401, 0.7, 7.17, 5.03
2.089982, -0.01577401, 0.7, 7.17, 5.03
2.065484, -0.01577401, 0.7, 7.17, 5.03
2.040543, -0.01577401, 0.7, 7.17, 5.03
2.015188, -0.01577401, 0.7, 7.17, 5.03
1.989458, -0.01577401, 0.7, 7.17, 5.03
1.96338, -0.01577401, 0.57, 7.39, 4.98
1.936992, -0.01577401, 0.57, 7.39, 4.98
1.910318, -0.01577401, 0.57, 7.39, 4.98
1.900199, -0.01577401, 0.57, 7.39, 4.98
1.895989, -0.01577401, 0.57, 7.39, 4.98
1.891547, -0.01577401, 0.57, 7.39, 4.98
1.886298, -0.01577401, 0.57, 7.39, 4.98
1.880934, -0.01577401, 0.66, 7.09, 5.04
1.875792, -0.01577401, 0.66, 7.09, 5.04
1.870855, -0.01577401, 0.66, 7.09, 5.04
1.866058, -0.01577401, 0.66, 7.09, 5.04
1.861371, -0.01577401, 0.44, 7.48, 4.88
1.856792, -0.01577401, 0.44, 7.48, 4.88
1.852304, -0.01577401, 0.44, 7.48, 4.88
1.847913, -0.01577401, 0.44, 7.48, 4.88
1.843622, -0.01577401, 0.44, 7.48, 4.88
1.839425, -0.01577401, 0.44, 7.48, 4.88
1.835318, -0.01577401, 0.9, 6.77, 4.93
1.831295, -0.01577401, 0.9, 6.77, 4.93
1.845151, -0.01577401, 0.9, 6.77, 4.93
1.862022, -0.01577401, 0.9, 6.77, 4.93
1.879528, -0.01577401, 0.9, 6.77, 4.93
1.897236, -0.01577401, 0.9, 6.77, 4.93
1.915032, -0.01577401, 0.3, 7.29, 5.22
1.932853, -0.01577401, 0.3, 7.29, 5.22
1.950644, -0.01577401, 0.3, 7.29, 5.22
1.968367, -0.01577401, 0.3, 7.29, 5.22
1.985992, -0.01577401, 0.3, 7.29, 5.22
2.003487, -0.01577401, 0.3, 7.29, 5.22
2.02082, -0.01577401, 0.64, 6.81, 5.12
2.03797, -0.01577401, 0.64, 6.81, 5.12
2.054928, -0.01577401, 0.64, 6.81, 5.12
2.071671, -0.01577401, 0.64, 6.81, 5.12
2.088181, -0.01577401, 0.64, 6.81, 5.12
2.104441, -0.01577401, 0.35, 7.48, 4.72
2.106693, -0.01577401, 0.35, 7.48, 4.72
2.105299, -0.01577401, 0.35, 7.48, 4.72
2.104489, -0.01577401, 0.35, 7.48, 4.72
2.104301, -0.01577401, 0.35, 7.48, 4.72
2.104173, -0.01577401, 0.35, 7.48, 4.72
2.103931, -0.01577401, 0.91, 6.87, 5.15
2.10361, -0.01577401, 0.91, 6.87, 5.15
2.103244, -0.01577401, 0.91, 6.87, 5.15
2.102852, -0.01577401, 0.91, 6.87, 5.15
2.102446, -0.01577401, 0.91, 6.87, 5.15
2.102033, -0.01577401, 0.18, 7.47, 5.16
2.101629, -0.01577401, 0.18, 7.47, 5.16
2.087637, -0.01577401, 0.18, 7.47, 5.16
2.070854, -0.01577401, 0.18, 7.47, 5.16
2.053002, -0.01577401, 0.18, 7.47, 5.16
2.034415, -0.01577401, 0.88, 6.71, 5.02
2.015187, -0.01577401, 0.88, 6.71, 5.02
1.995377, -0.01577401, 0.88, 6.71, 5.02
1.975021, -0.01577401, 0.88, 6.71, 5.02
1.95415, -0.01577401, 0.88, 6.71, 5.02
1.932795, -0.01577401, 0.88, 6.71, 5.02
1.910985, -0.01577401, 0.28, 7.42, 5.01
1.888745, -0.01577401, 0.28, 7.42, 5.01
1.88251, -0.01577401, 0.28, 7.42, 5.01
1.881923, -0.01577401, 0.28, 7.42, 5.01
1.881132, -0.01577401, 0.28, 7.42, 5.01
1.879637, -0.01577401, 0.28, 7.42, 5.01
1.878071, -0.01577401, 0.8, 6.86, 5.16
1.876703, -0.01577401, 0.8, 6.86, 5.16
1.875524, -0.01577401, 0.8, 6.86, 5.16
1.874467, -0.01577401, 0.8, 6.86, 5.16
1.873503, -0.01577401, 0.8, 6.86, 5.16
1.872622, -0.01577401, 0.8, 6.86, 5.16
1.871819, -0.01577401, 0.19, 7.42, 5
1.871093, -0.01577401, 0.19, 7.42, 5
1.87043, -0.01577401, 0.19, 7.42, 5
1.869832, -0.01577401, 0.19, 7.42, 5
1.8693, -0.01577401, 0.19, 7.42, 5
1.86883, -0.01577401, 0.8, 6.94, 5.2
1.868415, -0.01577401, 0.8, 6.94, 5.2
1.868052, -0.01577401, 0.8, 6.94, 5.2
1.867737, -0.01577401, 0.8, 6.94, 5.2
1.867458, -0.01577401, 0.8, 6.94, 5.2
1.867216, -0.01577401, 0.8, 6.94, 5.2
1.867014, -0.01577401, 0.14, 7.53, 5.05
1.866848, -0.01577401, 0.14, 7.53, 5.05
1.866717, -0.01577401, 0.14, 7.53, 5.05
1.866625, -0.01577401, 0.14, 7.53, 5.05
1.866573, -0.01577401, 0.14, 7.53, 5.05
1.866561, -0.01577401, 0.14, 7.53, 5.05
1.866583, -0.01577401, 0.85, 6.83, 5.09
1.866639, -0.01577401, 0.85, 6.83, 5.09
1.866727, -0.01577401, 0.85, 6.83, 5.09
1.866843, -0.01577401, 0.85, 6.83, 5.09
1.86698, -0.01577401, 0.85, 6.83, 5.09
1.867141, -0.01577401, 0.08, 7.51, 5.08
1.867141, -0.01577401, 0.08, 7.51, 5.08
1.867525, -0.01577401, 0.08, 7.51, 5.08
1.867758, -0.01577401, 0.08, 7.51, 5.08
1.868022, -0.01577401, 0.08, 7.51, 5.08
1.868317, -0.01577401, 0.08, 7.51, 5.08
1.868641, -0.01577401, 0.92, 6.79, 5.16
1.868997, -0.01577401, 0.92, 6.79, 5.16
1.869377, -0.01577401, 0.92, 6.79, 5.16
1.869776, -0.01577401, 0.92, 6.79, 5.16
1.870196, -0.01577401, 0.92, 6.79, 5.16
1.870635, -0.01577401, 0.28, 7.41, 5.05
1.871097, -0.01577401, 0.28, 7.41, 5.05
1.87158, -0.01577401, 0.28, 7.41, 5.05
1.872087, -0.01577401, 0.28, 7.41, 5.05
1.872621, -0.01577401, 0.28, 7.41, 5.05
1.873182, -0.01577401, 0.28, 7.41, 5.05
1.873766, -0.01577401, 0.83, 6.75, 5.06
1.874372, -0.01577401, 0.83, 6.75, 5.06
1.875, -0.01577401, 0.83, 6.75, 5.06
1.875646, -0.01577401, 0.83, 6.75, 5.06
1.876305, -0.01577401, 0.83, 6.75, 5.06
1.876978, -0.01577401, 0.17, 7.65, 5.06
1.877666, -0.01577401, 0.17, 7.65, 5.06
1.861243, -0.01577401, 0.17, 7.65, 5.06
1.841662, -0.01577401, 0.17, 7.65, 5.06
1.821101, -0.01577401, 0.17, 7.65, 5.06
1.799972, -0.01577401, 0.17, 7.65, 5.06
1.77839, -0.01577401, 1.05, 7.02, 4.78
1.756421, -0.01577401, 1.05, 7.02, 4.78
1.734104, -0.01577401, 1.05, 7.02, 4.78
1.71147, -0.01577401, 1.05, 7.02, 4.78
1.688567, -0.01577401, 1.05, 7.02, 4.78
1.665444, -0.01577401, 1.05, 7.02, 4.78
1.642151, -0.01577401, 0.15, 7.82, 5.03
1.618737, -0.01577401, 0.15, 7.82, 5.03
1.595249, -0.01577401, 0.15, 7.82, 5.03
1.571741, -0.01577401, 0.15, 7.82, 5.03
1.548262, -0.01577401, 0.15, 7.82, 5.03
1.524865, -0.01577401, 1.15, 6.74, 4.63
1.501594, -0.01577401, 1.15, 6.74, 4.63
1.47849, -0.01577401, 1.15, 6.74, 4.63
1.455594, -0.01577401, 1.15, 6.74, 4.63
1.432954, -0.01577401, 1.15, 6.74, 4.63
1.410629, -0.01577401, 1.15, 6.74, 4.63
1.388679, -0.01577401, 0.34, 7.98, 4.78
1.367164, -0.01577401, 0.34, 7.98, 4.78
1.360741, -0.01577401, 0.34, 7.98, 4.78
1.360245, -0.01577401, 0.34, 7.98, 4.78
1.359614, -0.01577401, 0.34, 7.98, 4.78
1.357981, -0.01577401, 0.34, 7.98, 4.78
1.356057, -0.01577401, 0.93, 7.77, 4.57
1.354233, -0.01577401, 0.93, 7.77, 4.57
1.352531, -0.01577401, 0.93, 7.77, 4.57
1.350885, -0.01577401, 0.93, 7.77, 4.57
1.349259, -0.01577401, 0.93, 7.77, 4.57
1.347643, -0.01577401, 1.22, 8, 3.69
1.346002, -0.01577401, 1.22, 8, 3.69
1.344306, -0.01577401, 1.22, 8, 3.69
1.342552, -0.01577401, 1.22, 8, 3.69
1.340744, -0.01577401, 1.22, 8, 3.69
1.338885, -0.01577401, 1.22, 8, 3.69
1.336975, -0.01577401, 1.93, 7.52, 3.32
1.335001, -0.01577401, 1.93, 7.52, 3.32
1.332915, -0.01577401, 1.93, 7.52, 3.32
1.330718, -0.01577401, 1.93, 7.52, 3.32
1.32842, -0.01577401, 1.93, 7.52, 3.32
1.32603, -0.01577401, 0.64, 7.75, 4.7
1.323557, -0.01577401, 0.64, 7.75, 4.7
1.32102, -0.01577401, 0.64, 7.75, 4.7
1.318437, -0.01577401, 0.64, 7.75, 4.7
1.315812, -0.01577401, 0.64, 7.75, 4.7
1.313151, -0.01577401, 0.64, 7.75, 4.7
1.310456, -0.01577401, 0.94, 6.48, 4.4
1.30773, -0.01577401, 0.94, 6.48, 4.4
1.305005, -0.01577401, 0.94, 6.48, 4.4
1.302315, -0.01577401, 0.94, 6.48, 4.4
1.299665, -0.01577401, 0.94, 6.48, 4.4
1.29705, -0.01577401, -1.18, 7.82, 6.33
1.294465, -0.01577401, -1.18, 7.82, 6.33
1.29195, -0.01577401, -1.18, 7.82, 6.33
1.289548, -0.01577401, -1.18, 7.82, 6.33
1.287263, -0.01577401, -1.18, 7.82, 6.33
1.285085, -0.01577401, -1.18, 7.82, 6.33
1.283004, -0.01577401, -0.93, 5.11, 7.04
1.281008, -0.01577401, -0.93, 5.11, 7.04
1.27917, -0.01577401, -0.93, 5.11, 7.04
1.277564, -0.01577401, -0.93, 5.11, 7.04
1.276195, -0.01577401, -0.93, 5.11, 7.04
1.275046, -0.01577401, -0.93, 5.11, 7.04
1.274095, -0.01577401, -2.12, 4.82, 7.39
1.273324, -0.01577401, -2.12, 4.82, 7.39
1.272795, -0.01577401, -2.12, 4.82, 7.39
1.272584, -0.01577401, -2.12, 4.82, 7.39
1.272692, -0.01577401, -2.12, 4.82, 7.39
1.273098, -0.01577401, -2.12, 4.82, 7.39
1.273776, -0.01577401, -1.65, 4.28, 7.27
1.274699, -0.01577401, -1.65, 4.28, 7.27
1.275911, -0.01577401, -1.65, 4.28, 7.27
1.277447, -0.01577401, -1.65, 4.28, 7.27
1.2793, -0.01577401, -1.65, 4.28, 7.27
1.281447, -0.01577401, -1.61, 4.58, 6.38
1.283864, -0.01577401, -1.61, 4.58, 6.38
1.28657, -0.01577401, -1.61, 4.58, 6.38
1.289581, -0.01577401, -1.61, 4.58, 6.38
1.292886, -0.01577401, -1.61, 4.58, 6.38
1.296465, -0.01577401, -1.61, 4.58, 6.38
1.300295, -0.01577401, -1.49, 4.6, 6.87
1.304373, -0.01577401, -1.49, 4.6, 6.87
1.308698, -0.01577401, -1.49, 4.6, 6.87
1.313254, -0.01577401, -1.49, 4.6, 6.87
1.318022, -0.01577401, -1.49, 4.6, 6.87
1.322992, -0.01577401, -1.67, 4.33, 6.46
1.328148, -0.01577401, -1.67, 4.33, 6.46
1.333486, -0.01577401, -1.67, 4.33, 6.46
1.339013, -0.01577401, -1.67, 4.33, 6.46
1.344718, -0.01577401, -1.67, 4.33, 6.46
1.35059, -0.01577401, -1.67, 4.33, 6.46
1.356617, -0.01577401, -1.7, 4.52, 6.87
1.36279, -0.01577401, -1.7, 4.52, 6.87
1.369113, -0.01577401, -1.7, 4.52, 6.87
1.37559, -0.01577401, -1.7, 4.52, 6.87
1.382214, -0.01577401, -1.7, 4.52, 6.87
1.388978, -0.01577401, -1.76, 4.66, 6.78
1.395868, -0.01577401, -1.76, 4.66, 6.78
1.402885, -0.01577401, -1.76, 4.66, 6.78
1.410023, -0.01577401, -1.76, 4.66, 6.78
1.41727, -0.01577401, -1.76, 4.66, 6.78
1.424624, -0.01577401, -1.76, 4.66, 6.78
1.432077, -0.01577401, -1.86, 4.46, 6.92
1.439625, -0.01577401, -1.86, 4.46, 6.92
1.447266, -0.01577401, -1.86, 4.46, 6.92
1.455007, -0.01577401, -1.86, 4.46, 6.92
1.462847, -0.01577401, -1.86, 4.46, 6.92
1.470778, -0.01577401, -1.86, 4.46, 6.92
1.478793, -0.01577401, -1.69, 5.2, 6.6
1.486881, -0.01577401, -1.69, 5.2, 6.6
1.495025, -0.01577401, -1.69, 5.2, 6.6
1.503224, -0.01577401, -1.69, 5.2, 6.6
1.511469, -0.01577401, -1.69, 5.2, 6.6
1.519752, -0.01577401, -1.29, 5.58, 5.98
1.528056, -0.01577401, -1.29, 5.58, 5.98
1.536345, -0.01577401, -1.29, 5.58, 5.98
1.54454, -0.01577401, -1.29, 5.58, 5.98
1.552629, -0.01577401, -1.29, 5.58, 5.98
1.560623, -0.01577401, -1.29, 5.58, 5.98
1.568505, -0.01577401, -0.9, 6.5, 5.45
1.57618, -0.01577401, -0.9, 6.5, 5.45
1.583369, -0.01577401, -0.9, 6.5, 5.45
1.589883, -0.01577401, -0.9, 6.5, 5.45
1.595641, -0.01577401, -0.9, 6.5, 5.45
1.600619, -0.01577401, -0.9, 6.5, 5.45
1.604822, -0.01577401, -0.9, 6.62, 4.91
1.608276, -0.01577401, -0.9, 6.62, 4.91
1.610933, -0.01577401, -0.9, 6.62, 4.91
1.612831, -0.01577401, -0.9, 6.62, 4.91
1.614055, -0.01577401, -0.9, 6.62, 4.91
1.614705, -0.01577401, -0.91, 6.44, 5.25
1.614882, -0.01577401, -0.91, 6.44, 5.25
1.600698, -0.01577401, -0.91, 6.44, 5.25
1.582631, -0.01577401, -0.91, 6.44, 5.25
1.564637, -0.01577401, -0.91, 6.44, 5.25
1.547102, -0.01577401, -0.91, 6.44, 5.25
1.52967, -0.01577401, -0.92, 6.71, 5.19
1.512857, -0.01577401, -0.92, 6.71, 5.19
1.506436, -0.01577401, -0.92, 6.71, 5.19
1.504284, -0.01577401, -0.92, 6.71, 5.19
1.502245, -0.01577401, -0.92, 6.71, 5.19
1.499616, -0.01577401, -0.88, 6.58, 5.34
1.496929, -0.01577401, -0.88, 6.58, 5.34
1.494506, -0.01577401, -0.88, 6.58, 5.34
1.492381, -0.01577401, -0.88, 6.58, 5.34
1.49052, -0.01577401, -0.88, 6.58, 5.34
1.488876, -0.01577401, -0.88, 6.58, 5.34
1.48744, -0.01577401, -0.88, 6.7, 5.41
1.486215, -0.01577401, -0.88, 6.7, 5.41
1.485188, -0.01577401, -0.88, 6.7, 5.41
1.484411, -0.01577401, -0.88, 6.7, 5.41
1.483713, -0.01577401, -0.88, 6.7, 5.41
1.483091, -0.01577401, -0.88, 6.7, 5.41
1.482526, -0.01577401, -0.76, 6.06, 5.42
1.482027, -0.01577401, -0.76, 6.06, 5.42
1.481581, -0.01577401, -0.76, 6.06, 5.42
1.481176, -0.01577401, -0.76, 6.06, 5.42
1.480805, -0.01577401, -0.76, 6.06, 5.42
1.480463, -0.01577401, -1.14, 6.52, 5.77
1.480148, -0.01577401, -1.14, 6.52, 5.77
1.479857, -0.01577401, -1.14, 6.52, 5.77
1.479584, -0.01577401, -1.14, 6.52, 5.77
1.479327, -0.01577401, -1.14, 6.52, 5.77
1.479091, -0.01577401, -1.06, 6.12, 5.1
1.478864, -0.01577401, -1.06, 6.12, 5.1
1.478638, -0.01577401, -1.06, 6.12, 5.1
1.47843, -0.01577401, -1.06, 6.12, 5.1
1.478231, -0.01577401, -1.06, 6.12, 5.1
1.478048, -0.01577401, -1.06, 6.12, 5.1
1.477869, -0.01577401, -0.9, 5.81, 5.11
1.477678, -0.01577401, -0.9, 5.81, 5.11
1.477463, -0.01577401, -0.9, 5.81, 5.11
1.477207, -0.01577401, -0.9, 5.81, 5.11
1.476916, -0.01577401, -0.9, 5.81, 5.11
1.476599, -0.01577401, -0.9, 5.81, 5.11
1.476255, -0.01577401, -1.19, 6.36, 4.8
1.475895, -0.01577401, -1.19, 6.36, 4.8
1.47547, -0.01577401, -1.19, 6.36, 4.8
1.474945, -0.01577401, -1.19, 6.36, 4.8
1.474247, -0.01577401, -1.19, 6.36, 4.8
1.473391, -0.01577401, -1.19, 6.36, 4.8
1.472407, -0.01577401, -1.41, 7.16, 5.08
1.471263, -0.01577401, -1.41, 7.16, 5.08
1.469968, -0.01577401, -1.41, 7.16, 5.08
1.46855, -0.01577401, -1.41, 7.16, 5.08
1.466998, -0.01577401, -1.41, 7.16, 5.08
1.465327, -0.01577401, -1.12, 7.38, 4.52
1.463538, -0.01577401, -1.12, 7.38, 4.52
1.461607, -0.01577401, -1.12, 7.38, 4.52
1.459501, -0.01577401, -1.12, 7.38, 4.52
1.457235, -0.01577401, -1.12, 7.38, 4.52
1.454856, -0.01577401, -1.12, 7.38, 4.52
1.452354, -0.01577401, -1.34, 7.54, 4.02
1.449736, -0.01577401, -1.34, 7.54, 4.02
1.447027, -0.01577401, -1.34, 7.54, 4.02
1.444213, -0.01577401, -1.34, 7.54, 4.02
1.441308, -0.01577401, -1.34, 7.54, 4.02
1.438295, -0.01577401, -1.34, 7.54, 4.02
1.435189, -0.01577401, -0.7, 7.15, 4.24
1.432011, -0.01577401, -0.7, 7.15, 4.24
1.42872, -0.01577401, -0.7, 7.15, 4.24
1.425329, -0.01577401, -0.7, 7.15, 4.24
1.421805, -0.01577401, -0.7, 7.15, 4.24
1.418152, -0.01577401, -0.7, 7.15, 4.24
1.41439, -0.01577401, -0.73, 7.03, 4.29
1.410509, -0.01577401, -0.73, 7.03, 4.29
1.406502, -0.01577401, -0.73, 7.03, 4.29
1.402369, -0.01577401, -0.73, 7.03, 4.29
1.398131, -0.01577401, -0.64, 7.5, 4.22
1.393788, -0.01577401, -0.64, 7.5, 4.22
1.389339, -0.01577401, -0.64, 7.5, 4.22
1.384765, -0.01577401, -0.64, 7.5, 4.22
1.380067, -0.01577401, -0.64, 7.5, 4.22
1.375243, -0.01577401, -0.64, 7.5, 4.22
1.370285, -0.01577401, -0.71, 7.35, 4.34
1.365207, -0.01577401, -0.71, 7.35, 4.34
1.360033, -0.01577401, -0.71, 7.35, 4.34
1.354746, -0.01577401, -0.71, 7.35, 4.34
1.349346, -0.01577401, -0.71, 7.35, 4.34
1.34384, -0.01577401, -0.71, 7.35, 4.34
1.338236, -0.01577401, -0.69, 7.39, 4.27
1.332544, -0.01577401, -0.69, 7.39, 4.27
1.326761, -0.01577401, -0.69, 7.39, 4.27
1.320895, -0.01577401, -0.69, 7.39, 4.27
1.314957, -0.01577401, -0.69, 7.39, 4.27
1.308951, -0.01577401, -0.69, 7.39, 4.27
1.302886, -0.01577401, -1.08, 7.52, 4.08
1.296765, -0.01577401, -1.08, 7.52, 4.08
1.290601, -0.01577401, -1.08, 7.52, 4.08
1.284404, -0.01577401, -1.08, 7.52, 4.08
1.278177, -0.01577401, -1.08, 7.52, 4.08
1.271934, -0.01577401, -0.77, 7.28, 4.21
1.265671, -0.01577401, -0.77, 7.28, 4.21
1.259405, -0.01577401, -0.77, 7.28, 4.21
1.253129, -0.01577401, -0.77, 7.28, 4.21
1.246848, -0.01577401, -0.77, 7.28, 4.21
1.240574, -0.01577401, -0.77, 7.28, 4.21
1.234305, -0.01577401, -0.76, 7.35, 4.26
1.228043, -0.01577401, -0.76, 7.35, 4.26
1.221794, -0.01577401, -0.76, 7.35, 4.26
1.21557, -0.01577401, -0.76, 7.35, 4.26
1.20938, -0.01577401, -0.76, 7.35, 4.26
1.203228, -0.01577401, -0.76, 7.35, 4.26
1.197117, -0.01577401, -0.87, 7.35, 4.24
1.191049, -0.01577401, -0.87, 7.35, 4.24
1.185026, -0.01577401, -0.87, 7.35, 4.24
1.179048, -0.01577401, -0.87, 7.35, 4.24
1.173121, -0.01577401, -0.87, 7.35, 4.24
1.167246, -0.01577401, -0.63, 7.41, 4.13
1.161433, -0.01577401, -0.63, 7.41, 4.13
1.155681, -0.01577401, -0.63, 7.41, 4.13
1.149993, -0.01577401, -0.63, 7.41, 4.13
1.144372, -0.01577401, -0.63, 7.41, 4.13
1.138821, -0.01577401, -0.72, 7.53, 4.35
1.133349, -0.01577401, -0.72, 7.53, 4.35
1.127945, -0.01577401, -0.72, 7.53, 4.35
1.122608, -0.01577401, -0.72, 7.53, 4.35
1.117346, -0.01577401, -0.72, 7.53, 4.35
1.112155, -0.01577401, -0.72, 7.53, 4.35
1.107041, -0.01577401, -0.7, 7.3, 4.43
1.102008, -0.01577401, -0.7, 7.3, 4.43
1.097059, -0.01577401, -0.7, 7.3, 4.43
1.092201, -0.01577401, -0.7, 7.3, 4.43
1.087442, -0.01577401, -0.7, 7.3, 4.43
1.082776, -0.01577401, -0.7, 7.3, 4.43
1.078208, -0.01577401, -0.74, 7.34, 4.36
1.073736, -0.01577401, -0.74, 7.34, 4.36
1.069362, -0.01577401, -0.74, 7.34, 4.36
1.065083, -0.01577401, -0.74, 7.34, 4.36
1.060905, -0.01577401, -0.74, 7.34, 4.36
1.056829, -0.01577401, -0.75, 7.45, 4.42
1.052854, -0.01577401, -0.75, 7.45, 4.42
1.048988, -0.01577401, -0.75, 7.45, 4.42
1.045234, -0.01577401, -0.75, 7.45, 4.42
1.041593, -0.01577401, -0.75, 7.45, 4.42
1.038065, -0.01577401, -0.75, 7.45, 4.42
1.034652, -0.01577401, -0.77, 7.4, 4.38
1.031355, -0.01577401, -0.77, 7.4, 4.38
1.028165, -0.01577401, -0.77, 7.4, 4.38
1.025081, -0.01577401, -0.77, 7.4, 4.38
1.022102, -0.01577401, -0.77, 7.4, 4.38
1.019227, -0.01577401, -0.77, 7.4, 4.38
1.016458, -0.01577401, -0.66, 7.26, 4.27
1.013797, -0.01577401, -0.66, 7.26, 4.27
1.011252, -0.01577401, -0.66, 7.26, 4.27
1.008831, -0.01577401, -0.66, 7.26, 4.27
1.006532, -0.01577401, -0.66, 7.26, 4.27
1.004353, -0.01577401, -0.66, 7.26, 4.27
1.002291, -0.01577401, -0.86, 7.52, 4.35
1.00035, -0.01577401, -0.86, 7.52, 4.35
0.9985225, -0.01577401, -0.86, 7.52, 4.35
0.9968088, -0.01577401, -0.86, 7.52, 4.35
0.9952068, -0.01577401, -0.86, 7.52, 4.35
0.993717, -0.01577401, -0.69, 7.35, 4.29
0.9776849, -0.01577401, -0.69, 7.35, 4.29
0.959591, -0.01577401, -0.69, 7.35, 4.29
0.9418132, -0.01577401, -0.69, 7.35, 4.29
0.9248713, -0.01577401, -0.69, 7.35, 4.29
0.9089389, -0.01577401, -0.69, 7.35, 4.29
0.8874012, -0.0132587, -0.81, 7.47, 4.51
0.8480005, -0.01042271, -0.81, 7.47, 4.51
0.8659304, -0.0137248, -0.81, 7.47, 4.51
0.8639096, -0.01394165, -0.81, 7.47, 4.51
0.8645074, -0.01401782, -0.81, 7.47, 4.51
0.8656477, -0.01422697, -0.68, 7.08, 4.07
0.8663439, -0.01439536, -0.68, 7.08, 4.07
0.8675224, -0.0146659, -0.68, 7.08, 4.07
0.8657814, -0.01254642, -0.68, 7.08, 4.07
0.8680684, -0.007687688, -0.68, 7.08, 4.07
0.864763, -0.0109278, -0.49, 7.28, 4.85
0.8711947, -0.005619645, -0.49, 7.28, 4.85
0.8645737, -0.009709001, -0.49, 7.28, 4.85
0.8731825, -0.006862581, -0.49, 7.28, 4.85
0.8684911, -0.01111084, -0.49, 7.28, 4.85
0.8740101, -0.0081653, -0.49, 7.28, 4.85
0.8678836, -0.01133323, -0.34, 7.53, 4.58
0.8747383, -0.003229797, -0.34, 7.53, 4.58
0.868023, -0.008643985, -0.34, 7.53, 4.58
0.8746616, -0.0007132292, -0.34, 7.53, 4.58
0.8685915, -0.0062837, -0.34, 7.53, 4.58
0.8709165, -0.001156151, -0.34, 7.53, 4.58
0.8670222, -0.004732251, 0.5, 7.43, 6.27
0.8731896, 0.0004996061, 0.5, 7.43, 6.27
0.8715758, -0.0005825162, 0.5, 7.43, 6.27
0.8756197, 0.002759397, 0.5, 7.43, 6.27
0.8691907, -0.004509568, 0.5, 7.43, 6.27
0.8738702, 0.0007666349, 2.26, 5.54, 5.46
0.8710029, 0.0003250837, 2.26, 5.54, 5.46
0.8743555, 0.002663493, 2.26, 5.54, 5.46
0.8709804, -0.0001094937, 2.26, 5.54, 5.46
0.8750178, 0.002324462, 2.26, 5.54, 5.46
0.8717584, -0.0002993345, 2.26, 5.54, 5.46
0.8748291, 0.002093315, 3.53, 5.19, 5.64
0.8715598, -0.0003734827, 3.53, 5.19, 5.64
0.8754487, 0.002112508, 3.53, 5.19, 5.64
0.8719353, 0.0004449487, 3.53, 5.19, 5.64
0.8764671, 0.004235148, 3.53, 5.19, 5.64
0.8723308, 0.002350807, 3.53, 5.19, 5.64
0.8770137, 0.008095503, 5.13, 5.01, 5.98
0.8704329, 0.003070354, 5.13, 5.01, 5.98
0.8768458, 0.01146472, 5.13, 5.01, 5.98
0.8701848, 0.009097934, 5.13, 5.01, 5.98
0.8741623, 0.01679528, 5.13, 5.01, 5.98
0.8690885, 0.01426297, 5.13, 5.01, 5.98
0.8741816, 0.02424204, 5.11, 5.35, 6.39
0.8685263, 0.02389419, 5.11, 5.35, 6.39
0.8737209, 0.03494382, 5.11, 5.35, 6.39
0.8678733, 0.03538597, 5.11, 5.35, 6.39
0.8729971, 0.04729092, 5.11, 5.35, 6.39
0.8671334, 0.04894185, 5.67, 5.14, 6.02
0.8728971, 0.06114948, 5.67, 5.14, 6.02
0.8670166, 0.06406218, 5.67, 5.14, 6.02
0.8728203, 0.07732952, 5.67, 5.14, 6.02
0.8669514, 0.08134127, 5.67, 5.14, 6.02
0.8727574, 0.0956198, 5.67, 5.14, 6.02
0.8668993, 0.1006725, 6.52, 3.62, 6.16
0.8727146, 0.1160918, 6.52, 3.62, 6.16
0.8668578, 0.1224445, 6.52, 3.62, 6.16
0.8726712, 0.1390635, 6.52, 3.62, 6.16
0.8668216, 0.1466452, 6.52, 3.62, 6.16
0.8726509, 0.1644189, 7.37, 2.46, 6.41
0.866799, 0.1731641, 7.37, 2.46, 6.41
0.8726532, 0.1923615, 7.37, 2.46, 6.41
0.8667816, 0.2027516, 7.37, 2.46, 6.41
0.8726794, 0.2235019, 7.37, 2.46, 6.41
0.8667717, 0.2354363, 7.57, 2.3, 6.31
0.8727432, 0.2577225, 7.57, 2.3, 6.31
0.8667762, 0.2712407, 7.57, 2.3, 6.31
0.8728247, 0.2953724, 7.57, 2.3, 6.31
0.8667919, 0.3105462, 7.57, 2.3, 6.31
0.8729179, 0.3365076, 7.57, 2.3, 6.31
0.8668164, 0.3532524, 7.32, 1.91, 6.84
0.8730206, 0.3810241, 7.32, 1.91, 6.84
0.8668511, 0.3993795, 7.32, 1.91, 6.84
0.8731337, 0.4291751, 7.32, 1.91, 6.84
0.866892, 0.4491637, 7.32, 1.91, 6.84
0.8732457, 0.4809374, 7.32, 1.91, 6.84
0.8669413, 0.5024844, 7.09, 2.08, 7.1
